,1. open,2. high,3. low,4. close
2024-12-19,1.03495,1.04224,1.03487,1.03913
2024-12-18,1.0353,1.03821,1.03509,1.03799
2024-12-17,1.0495,1.05153,1.04678,1.0495
2024-12-16,1.05174,1.05329,1.048,1.05174
2024-12-15,1.051,1.05241,1.0475,1.051
2024-12-12,1.04741,1.0523,1.04543,1.04741
2024-12-11,1.05069,1.053,1.04649,1.05069
2024-12-10,1.0533,1.05407,1.04816,1.0533
2024-12-09,1.05552,1.05675,1.05003,1.05552
2024-12-08,1.05655,1.05928,1.05331,1.05655
2024-12-05,1.05856,1.06264,1.05461,1.05856
2024-12-04,1.05141,1.05883,1.05089,1.05141
2024-12-03,1.05108,1.05401,1.0474,1.05108
2024-12-02,1.05012,1.05303,1.04818,1.05012
2024-12-01,1.05457,1.05457,1.04622,1.05451
2024-11-28,1.0563,1.05955,1.0543,1.0563
2024-11-27,1.05625,1.05652,1.05292,1.05625
2024-11-26,1.04912,1.05835,1.04755,1.04912
2024-11-25,1.04443,1.05438,1.04273,1.04443
2024-11-24,1.04799,1.05296,1.04495,1.04799
2024-11-21,1.04693,1.04987,1.03399,1.04693
2024-11-20,1.05462,1.05574,1.04691,1.05462
2024-11-19,1.06076,1.06123,1.05085,1.06076
2024-11-18,1.05949,1.06011,1.05285,1.05949
2024-11-17,1.05337,1.05865,1.05312,1.05337
2024-11-14,1.05301,1.05916,1.05244,1.05301
2024-11-13,1.05641,1.05809,1.04992,1.05641
2024-11-12,1.06167,1.06491,1.05598,1.06167
2024-11-11,1.06644,1.06635,1.0597,1.06644
2024-11-10,1.07149,1.07285,1.06288,1.07149
2024-11-07,1.07952,1.07974,1.07104,1.07952
2024-11-06,1.07331,1.0826,1.07141,1.07331
2024-11-05,1.09345,1.09334,1.06838,1.09345
2024-11-04,1.08741,1.09218,1.08733,1.08741
2024-11-03,1.08745,1.09158,1.08704,1.08745
2024-10-31,1.08861,1.09041,1.08485,1.08861
2024-10-30,1.08592,1.08884,1.08451,1.08592
2024-10-29,1.08206,1.08667,1.081,1.08206
2024-10-28,1.08168,1.08263,1.07704,1.08168
2024-10-27,1.07966,1.08272,1.07827,1.07966
2024-10-24,1.08241,1.08425,1.08119,1.08241
2024-10-23,1.07805,1.08102,1.07716,1.07805
2024-10-22,1.07973,1.08085,1.07626,1.07973
2024-10-21,1.08178,1.08378,1.08019,1.08178
2024-10-20,1.08686,1.08696,1.08211,1.08686
2024-10-17,1.08295,1.08637,1.08282,1.08295
2024-10-16,1.08625,1.08699,1.08139,1.08625
2024-10-15,1.08841,1.09016,1.08682,1.08841
2024-10-14,1.09092,1.09182,1.08858,1.09092
2024-10-13,1.09254,1.09397,1.09057,1.09254
2024-10-10,1.09339,1.09542,1.09274,1.09339
2024-10-09,1.09433,1.09545,1.0914,1.09433
2024-10-08,1.09757,1.09806,1.09407,1.09757
2024-10-07,1.09757,1.09975,1.09617,1.09757
2024-10-06,1.09745,1.0985,1.09555,1.09745
2024-10-03,1.10356,1.104,1.09561,1.10356
2024-10-02,1.10485,1.10485,1.10096,1.10485
2024-10-01,1.10639,1.10822,1.10341,1.10639
2024-09-30,1.11366,1.11458,1.10611,1.11366
2024-09-29,1.11698,1.12084,1.11361,1.11698
2024-09-26,1.11772,1.11998,1.11266,1.11772
2024-09-25,1.1131,1.11896,1.11268,1.1131
2024-09-24,1.11912,1.12124,1.11417,1.11912
2024-09-23,1.11117,1.11635,1.1104,1.11117
2024-09-22,1.11608,1.11682,1.10849,1.11608
2024-09-19,1.1162,1.11817,1.11373,1.1162
2024-09-18,1.11148,1.11807,1.10705,1.11148
2024-09-17,1.11231,1.11408,1.11091,1.11231
2024-09-16,1.11295,1.11462,1.11131,1.11295
2024-09-15,1.10884,1.11354,1.10871,1.10884
2024-09-12,1.10779,1.11025,1.10739,1.10779
2024-09-11,1.10109,1.10475,1.10065,1.10109
2024-09-10,1.1021,1.1055,1.10028,1.1021
2024-09-09,1.10375,1.10503,1.10163,1.10375
2024-09-08,1.10872,1.10914,1.1035,1.10872
2024-09-05,1.11111,1.11496,1.10672,1.11111
2024-09-04,1.10804,1.11211,1.10752,1.10804
2024-09-03,1.10489,1.1094,1.10408,1.10489
2024-09-02,1.10675,1.10705,1.10337,1.10675
2024-09-01,1.10448,1.10776,1.10425,1.10448
2024-08-29,1.10804,1.10957,1.1054,1.10804
2024-08-28,1.1125,1.11402,1.10563,1.1125
2024-08-27,1.11779,1.11819,1.11054,1.11779
2024-08-26,1.11647,1.11796,1.11513,1.11647
2024-08-25,1.11879,1.12011,1.11529,1.11879
2024-08-22,1.11172,1.11959,1.11068,1.11172
2024-08-21,1.11554,1.11575,1.10993,1.11554
2024-08-20,1.11279,1.11483,1.11056,1.11279
2024-08-19,1.10865,1.11173,1.10725,1.10865
2024-08-18,1.1025,1.10726,1.10239,1.1025
2024-08-15,1.09727,1.10044,1.09737,1.09727
2024-08-14,1.10132,1.10169,1.09505,1.10132
2024-08-13,1.0997,1.10485,1.09883,1.0997
2024-08-12,1.09363,1.09625,1.09157,1.09363
2024-08-11,1.09138,1.09397,1.09133,1.09138
2024-08-08,1.09157,1.09313,1.09096,1.09157
2024-08-07,1.09281,1.09469,1.08823,1.09281
2024-08-06,1.09262,1.09364,1.09069,1.09262
2024-08-05,1.0951,1.09631,1.09047,1.0951
2024-08-04,1.09108,1.10074,1.08937,1.09108
2024-08-01,1.07876,1.09262,1.0783,1.07876
2024-07-31,1.08239,1.08378,1.07783,1.08239
2024-07-30,1.08161,1.08519,1.08087,1.08161
2024-07-29,1.08195,1.08378,1.08,1.08195
2024-07-28,1.08538,1.08719,1.08031,1.08538
2024-07-25,1.08513,1.08685,1.08427,1.08513
2024-07-24,1.08395,1.08644,1.08293,1.08395
2024-07-23,1.08507,1.08665,1.08267,1.08507
2024-07-22,1.08898,1.09004,1.08445,1.08898
2024-07-21,1.08992,1.09016,1.08737,1.08992
2024-07-18,1.09016,1.09016,1.08774,1.09016
2024-07-17,1.09402,1.09421,1.09054,1.09402
2024-07-16,1.09025,1.09472,1.08963,1.09025
2024-07-15,1.09016,1.09063,1.08722,1.09016
2024-07-14,1.08855,1.09219,1.08844,1.08855
2024-07-11,1.08728,1.09112,1.08631,1.08728
2024-07-10,1.08333,1.08984,1.08329,1.08333
2024-07-09,1.08148,1.08287,1.08119,1.08148
2024-07-08,1.08309,1.08342,1.08062,1.08309
2024-07-07,1.0826,1.08472,1.08151,1.0826
2024-07-04,1.08107,1.08384,1.08107,1.08107
2024-07-03,1.07933,1.08167,1.07842,1.07933
2024-07-02,1.07484,1.08156,1.07371,1.07484
2024-07-01,1.07371,1.07461,1.07106,1.07371
2024-06-30,1.07353,1.07782,1.07208,1.07353
2024-06-27,1.07085,1.0721,1.0686,1.07085
2024-06-26,1.06801,1.07262,1.06778,1.06801
2024-06-25,1.07096,1.07204,1.06677,1.07096
2024-06-24,1.07327,1.07458,1.06922,1.07327
2024-06-23,1.06878,1.0747,1.06844,1.06878
2024-06-20,1.07064,1.07227,1.06719,1.07064
2024-06-19,1.07515,1.07504,1.07075,1.07515
2024-06-18,1.07423,1.07533,1.07263,1.07423
2024-06-17,1.07407,1.07612,1.07111,1.07407
2024-06-16,1.07022,1.07262,1.06876,1.07022
2024-06-13,1.07388,1.07458,1.06682,1.07388
2024-06-12,1.08132,1.08178,1.07538,1.08132
2024-06-11,1.07403,1.08518,1.0735,1.07403
2024-06-10,1.07643,1.07735,1.07211,1.07643
2024-06-09,1.07789,1.07828,1.07336,1.07789
2024-06-06,1.08944,1.09018,1.0805,1.08944
2024-06-05,1.08745,1.08987,1.08637,1.08745
2024-06-04,1.08819,1.08899,1.0861,1.08819
2024-06-03,1.09074,1.09182,1.08607,1.09074
2024-06-02,1.0853,1.08909,1.0828,1.0853
2024-05-30,1.08354,1.08826,1.08116,1.08354
2024-05-29,1.08018,1.0846,1.0789,1.08018
2024-05-28,1.08519,1.08589,1.08095,1.08519
2024-05-27,1.08619,1.08895,1.08591,1.08619
2024-05-26,1.08476,1.08672,1.08418,1.08476
2024-05-23,1.08127,1.08566,1.08061,1.08127
2024-05-22,1.08252,1.08613,1.0813,1.08252
2024-05-21,1.08552,1.08648,1.08225,1.08552
2024-05-20,1.08608,1.08755,1.0846,1.08608
2024-05-19,1.08755,1.08849,1.0855,1.08755
2024-05-16,1.08678,1.08789,1.08363,1.08678
2024-05-15,1.08898,1.08968,1.08552,1.08898
2024-05-14,1.08146,1.08743,1.08136,1.08146
2024-05-13,1.07935,1.08284,1.07764,1.07935
2024-05-12,1.07704,1.08073,1.07665,1.07704
2024-05-09,1.07852,1.07933,1.07621,1.07852
2024-05-08,1.07469,1.07828,1.07251,1.07469
2024-05-07,1.07505,1.07585,1.07357,1.07505
2024-05-06,1.07675,1.07898,1.07558,1.07675
2024-05-05,1.07581,1.07921,1.07564,1.07581
2024-05-02,1.07331,1.08094,1.0725,1.07331
2024-05-01,1.07216,1.07308,1.06758,1.07216
2024-04-30,1.06665,1.06887,1.06501,1.06665
2024-04-29,1.07157,1.07365,1.06843,1.07157
2024-04-28,1.07069,1.07354,1.0691,1.07069
2024-04-25,1.07296,1.07529,1.06756,1.07296
2024-04-24,1.06999,1.07319,1.06787,1.06999
2024-04-23,1.07044,1.07158,1.06792,1.07044
2024-04-22,1.0654,1.071,1.06393,1.0654
2024-04-21,1.06578,1.06712,1.06251,1.06583
2024-04-18,1.06442,1.06803,1.06118,1.06442
2024-04-17,1.06694,1.06918,1.06478,1.06694
2024-04-16,1.06215,1.06527,1.06082,1.06215
2024-04-15,1.06258,1.0654,1.06041,1.06258
2024-04-14,1.06496,1.06655,1.06236,1.06496
2024-04-11,1.07269,1.07296,1.06237,1.07269
2024-04-10,1.07417,1.07558,1.07004,1.07417
2024-04-09,1.08593,1.08684,1.07338,1.08593
2024-04-08,1.08637,1.08885,1.08499,1.08637
2024-04-07,1.08305,1.08584,1.08216,1.08305
2024-04-04,1.0837,1.08485,1.07917,1.0837
2024-04-03,1.08384,1.08758,1.08351,1.08384
2024-04-02,1.07685,1.08319,1.07647,1.07685
2024-04-01,1.07372,1.07788,1.07254,1.07372
2024-03-31,1.07927,1.08015,1.07316,1.07927
2024-03-28,1.07945,1.08073,1.07689,1.07945
2024-03-27,1.08134,1.08284,1.07755,1.08134
2024-03-26,1.08324,1.08393,1.08117,1.08324
2024-03-25,1.08382,1.08641,1.0826,1.08382
2024-03-24,1.08075,1.08436,1.08026,1.08075
2024-03-21,1.08624,1.08696,1.08091,1.08624
2024-03-20,1.09372,1.09445,1.08565,1.09372
2024-03-19,1.08633,1.08743,1.08369,1.08633
2024-03-18,1.08739,1.08778,1.08351,1.08739
2024-03-17,1.08826,1.09075,1.08808,1.08826
2024-03-14,1.08834,1.09016,1.08738,1.08834
2024-03-13,1.09553,1.09547,1.08841,1.09553
2024-03-12,1.09278,1.09493,1.09205,1.09278
2024-03-11,1.09313,1.09421,1.09032,1.09313
2024-03-10,1.0943,1.09505,1.09146,1.0943
2024-03-07,1.09501,1.0978,1.09271,1.09501
2024-03-06,1.08995,1.09409,1.08693,1.08995
2024-03-05,1.0856,1.0914,1.08429,1.0856
2024-03-04,1.08552,1.08754,1.08427,1.08552
2024-03-03,1.08427,1.08665,1.08386,1.08427
2024-02-29,1.0805,1.08415,1.07993,1.0805
2024-02-28,1.08388,1.08559,1.08057,1.08388
2024-02-27,1.08448,1.08472,1.07987,1.08448
2024-02-26,1.08509,1.08661,1.08336,1.08509
2024-02-25,1.08196,1.08591,1.08134,1.08201
2024-02-22,1.08257,1.08394,1.08137,1.08257
2024-02-21,1.08204,1.08862,1.08051,1.08204
2024-02-20,1.08132,1.08225,1.07919,1.08132
2024-02-19,1.07754,1.08386,1.07625,1.07754
2024-02-18,1.07845,1.07898,1.0763,1.07849
2024-02-15,1.07739,1.07805,1.07344,1.07739
2024-02-14,1.07322,1.07863,1.07252,1.07322
2024-02-13,1.07089,1.07344,1.06955,1.07089
2024-02-12,1.07723,1.07956,1.07021,1.07723
2024-02-11,1.07982,1.08054,1.07577,1.07982
2024-02-08,1.07773,1.07945,1.07639,1.07773
2024-02-07,1.07757,1.07898,1.07431,1.07757
2024-02-06,1.07572,1.07844,1.07564,1.07572
2024-02-05,1.07418,1.07631,1.07245,1.07418
2024-02-04,1.078,1.07875,1.07247,1.078
2024-02-01,1.08746,1.0898,1.07831,1.08746
2024-01-31,1.08039,1.08655,1.07803,1.08039
2024-01-30,1.08434,1.08857,1.08077,1.08434
2024-01-29,1.08345,1.08556,1.08127,1.08345
2024-01-28,1.08435,1.08498,1.07971,1.08435
2024-01-25,1.08471,1.08833,1.08134,1.08471
2024-01-24,1.08817,1.09004,1.08261,1.08817
2024-01-23,1.08579,1.09315,1.08519,1.08579
2024-01-22,1.08802,1.09182,1.08243,1.08802
2024-01-21,1.08923,1.09099,1.08803,1.08923
2024-01-18,1.08791,1.08926,1.08683,1.08791
2024-01-17,1.08858,1.09075,1.08487,1.08858
2024-01-16,1.08788,1.08849,1.08454,1.08788
2024-01-15,1.09457,1.09467,1.08671,1.09457
2024-01-14,1.09457,1.09589,1.09341,1.09457
2024-01-11,1.09817,1.09866,1.09371,1.09817
2024-01-10,1.09751,1.09914,1.09315,1.09751
2024-01-09,1.09324,1.09697,1.09234,1.09324
2024-01-08,1.09517,1.09673,1.09126,1.09517
2024-01-07,1.09422,1.09781,1.09245,1.09422
2024-01-04,1.09474,1.09964,1.08798,1.09474
2024-01-03,1.09278,1.09702,1.0917,1.09278
2024-01-02,1.09418,1.0967,1.08987,1.09418
2024-01-01,1.10387,1.10461,1.0942,1.10387
2023-12-31,1.10558,1.10534,1.104,1.10558
2023-12-28,1.10682,1.10865,1.10433,1.10682
2023-12-27,1.11086,1.11394,1.1071,1.11086
2023-12-26,1.1043,1.11225,1.10292,1.1043
2023-12-25,1.10203,1.104,1.10096,1.10203
2023-12-24,1.10266,1.10424,1.09999,1.10266
2023-12-21,1.10062,1.10406,1.09942,1.10062
2023-12-20,1.09457,1.09998,1.09363,1.09457
2023-12-19,1.09811,1.09797,1.09356,1.09811
2023-12-18,1.09238,1.0988,1.09161,1.09238
2023-12-17,1.08953,1.093,1.08946,1.08953
2023-12-14,1.09936,1.10059,1.09023,1.09936
2023-12-13,1.08861,1.10041,1.08802,1.08861
2023-12-12,1.07987,1.08082,1.0774,1.07987
2023-12-11,1.07666,1.0822,1.07618,1.07666
2023-12-10,1.07658,1.07794,1.07432,1.07658
2023-12-07,1.07921,1.08005,1.07315,1.07921
2023-12-06,1.07667,1.07968,1.07577,1.07667
2023-12-05,1.07937,1.08037,1.07732,1.07937
2023-12-04,1.08378,1.08483,1.07826,1.08378
2023-12-03,1.08882,1.08873,1.08057,1.08882
2023-11-30,1.08921,1.09135,1.08315,1.08921
2023-11-29,1.09737,1.09854,1.08949,1.09737
2023-11-28,1.10059,1.10169,1.09612,1.10059
2023-11-27,1.09584,1.10072,1.09351,1.09584
2023-11-26,1.09404,1.09593,1.09259,1.09404
2023-11-23,1.09063,1.09441,1.08956,1.09063
2023-11-22,1.08909,1.09271,1.0888,1.08909
2023-11-21,1.09182,1.09225,1.08546,1.09182
2023-11-20,1.09459,1.09673,1.0923,1.09459
2023-11-19,1.0907,1.09451,1.0898,1.0907
2023-11-16,1.08538,1.08923,1.08252,1.08538
2023-11-15,1.08546,1.0894,1.08309,1.08546
2023-11-14,1.08783,1.08873,1.08329,1.08783
2023-11-13,1.07018,1.08672,1.06936,1.07018
2023-11-12,1.06902,1.07055,1.06655,1.06902
2023-11-09,1.06676,1.06926,1.06577,1.06676
2023-11-08,1.07104,1.0728,1.06815,1.07104
2023-11-07,1.06961,1.0716,1.06606,1.06961
2023-11-06,1.07216,1.07216,1.06647,1.07216
2023-11-05,1.07322,1.0757,1.07234,1.07322
2023-11-02,1.06191,1.0737,1.06155,1.06191
2023-11-01,1.05871,1.06701,1.05842,1.05871
2023-10-31,1.05791,1.05808,1.05229,1.05791
2023-10-30,1.0615,1.06691,1.05676,1.0615
2023-10-29,1.05625,1.0626,1.05484,1.05625
2023-10-26,1.05645,1.05977,1.05363,1.05645
2023-10-25,1.05672,1.05697,1.05263,1.05672
2023-10-24,1.05953,1.06067,1.05668,1.05953
2023-10-23,1.06699,1.06905,1.05842,1.06699
2023-10-22,1.059,1.06474,1.05718,1.059
2023-10-19,1.05865,1.06011,1.05658,1.05865
2023-10-18,1.05385,1.05854,1.05289,1.05385
2023-10-17,1.05731,1.05955,1.05271,1.05731
2023-10-16,1.05543,1.0595,1.05334,1.05543
2023-10-15,1.05215,1.05547,1.05164,1.05215
2023-10-12,1.05367,1.05585,1.04961,1.05367
2023-10-11,1.06243,1.06391,1.0546,1.06243
2023-10-10,1.06048,1.06336,1.05928,1.06048
2023-10-09,1.05789,1.06195,1.0556,1.05789
2023-10-08,1.05675,1.05764,1.05214,1.05675
2023-10-05,1.05466,1.05982,1.04839,1.05466
2023-10-04,1.05071,1.05368,1.05009,1.05071
2023-10-03,1.04723,1.05324,1.04537,1.04723
2023-10-02,1.04808,1.04943,1.04499,1.04808
2023-10-01,1.05652,1.0591,1.04927,1.05652
2023-09-28,1.05625,1.0618,1.05585,1.05625
2023-09-27,1.05053,1.05787,1.04919,1.05053
2023-09-26,1.05695,1.05737,1.05091,1.05695
2023-09-25,1.05916,1.06089,1.05681,1.05916
2023-09-24,1.06485,1.06554,1.05773,1.06485
2023-09-21,1.06615,1.06716,1.06153,1.06615
2023-09-20,1.0653,1.06736,1.06191,1.0653
2023-09-19,1.06821,1.0727,1.06758,1.06821
2023-09-18,1.06927,1.07193,1.06763,1.06927
2023-09-17,1.06683,1.06982,1.06563,1.06683
2023-09-14,1.06372,1.06876,1.06347,1.06372
2023-09-13,1.07342,1.0755,1.06551,1.07342
2023-09-12,1.07533,1.07654,1.07174,1.07533
2023-09-11,1.07504,1.07626,1.07062,1.07504
2023-09-10,1.07181,1.07569,1.07115,1.07181
2023-09-07,1.06978,1.07421,1.06951,1.06978
2023-09-06,1.07242,1.07342,1.06876,1.07242
2023-09-05,1.07262,1.07482,1.07052,1.07262
2023-09-04,1.07945,1.07991,1.07075,1.07945
2023-09-03,1.07759,1.08091,1.0774,1.07759
2023-08-31,1.08441,1.08808,1.07859,1.08441
2023-08-30,1.09326,1.09397,1.08372,1.09326
2023-08-29,1.08692,1.09455,1.08561,1.08692
2023-08-28,1.08256,1.08567,1.07835,1.08256
2023-08-27,1.07974,1.08213,1.07994,1.07974
2023-08-24,1.07991,1.08398,1.07667,1.07991
2023-08-23,1.08658,1.08769,1.08155,1.08658
2023-08-22,1.08467,1.08705,1.0803,1.08467
2023-08-21,1.08984,1.0932,1.0834,1.08984
2023-08-20,1.08756,1.09136,1.08706,1.08756
2023-08-17,1.08746,1.08956,1.08465,1.08746
2023-08-16,1.08749,1.09173,1.08624,1.08749
2023-08-15,1.09042,1.09347,1.08978,1.09042
2023-08-14,1.09099,1.09497,1.09008,1.09099
2023-08-13,1.09444,1.09604,1.08775,1.09444
2023-08-10,1.09817,1.10044,1.09518,1.09817
2023-08-09,1.09777,1.10584,1.0968,1.09777
2023-08-08,1.09589,1.09943,1.09559,1.09589
2023-08-07,1.10032,1.10098,1.0931,1.10032
2023-08-06,1.10027,1.1012,1.09661,1.10027
2023-08-03,1.09516,1.10409,1.09363,1.09516
2023-08-02,1.09441,1.0954,1.09136,1.09441
2023-08-01,1.10079,1.1007,1.09198,1.10079
2023-07-31,1.09976,1.10023,1.09545,1.09976
2023-07-30,1.10243,1.10455,1.10062,1.10243
2023-07-27,1.09788,1.10468,1.0947,1.09788
2023-07-26,1.10784,1.1152,1.09849,1.10784
2023-07-25,1.10505,1.10865,1.10384,1.10505
2023-07-24,1.10632,1.10889,1.10221,1.10632
2023-07-23,1.11253,1.1145,1.10688,1.11253
2023-07-20,1.11371,1.1147,1.11096,1.11371
2023-07-19,1.12052,1.12296,1.11331,1.12052
2023-07-18,1.12289,1.12397,1.11763,1.12289
2023-07-17,1.12376,1.12757,1.12201,1.12376
2023-07-16,1.12278,1.12511,1.12055,1.12278
2023-07-13,1.12235,1.12448,1.12061,1.12235
2023-07-12,1.11445,1.11962,1.11306,1.11445
2023-07-11,1.10141,1.1126,1.10129,1.10141
2023-07-10,1.10059,1.10256,1.09786,1.10059
2023-07-09,1.09697,1.09928,1.09445,1.09697
2023-07-06,1.08906,1.09647,1.08686,1.08906
2023-07-05,1.08566,1.09016,1.08343,1.08566
2023-07-04,1.08849,1.09062,1.08651,1.08849
2023-07-03,1.09131,1.09182,1.08908,1.09131
2023-07-02,1.09075,1.09313,1.08718,1.09075
2023-06-29,1.0868,1.09337,1.08365,1.0868
2023-06-28,1.09158,1.09407,1.08624,1.09158
2023-06-27,1.09572,1.09625,1.08997,1.09572
2023-06-26,1.09105,1.09761,1.09032,1.09105
2023-06-25,1.09067,1.09218,1.08882,1.09067
2023-06-22,1.09589,1.09589,1.08451,1.09589
2023-06-21,1.09926,1.10112,1.09511,1.09926
2023-06-20,1.09204,1.09613,1.09067,1.09204
2023-06-19,1.09243,1.09452,1.08946,1.09243
2023-06-18,1.09421,1.09493,1.0911,1.09421
2023-06-15,1.09459,1.0971,1.09201,1.09459
2023-06-14,1.08431,1.09385,1.08043,1.08431
2023-06-13,1.07893,1.08584,1.07757,1.07893
2023-06-12,1.0763,1.08225,1.07606,1.0763
2023-06-11,1.07509,1.07897,1.07343,1.07509
2023-06-08,1.07827,1.07875,1.07477,1.07827
2023-06-07,1.07074,1.07828,1.07022,1.07074
2023-06-06,1.0698,1.07402,1.06688,1.0698
2023-06-05,1.07118,1.07331,1.06673,1.07118
2023-06-04,1.06986,1.07227,1.06747,1.06986
2023-06-01,1.07608,1.07794,1.07181,1.07608
2023-05-31,1.06952,1.0754,1.06642,1.06952
2023-05-30,1.07331,1.07388,1.06517,1.07331
2023-05-29,1.07077,1.07458,1.06734,1.07077
2023-05-28,1.07231,1.07458,1.07063,1.07231
2023-05-25,1.07244,1.07576,1.07021,1.07244
2023-05-24,1.07573,1.07542,1.071,1.07573
2023-05-23,1.07697,1.07994,1.07497,1.07697
2023-05-22,1.0811,1.08213,1.07638,1.0811
2023-05-21,1.08228,1.08307,1.07966,1.08228
2023-05-18,1.07754,1.08239,1.0761,1.07754
2023-05-17,1.08384,1.08495,1.07654,1.08384
2023-05-16,1.08657,1.08755,1.08116,1.08657
2023-05-15,1.08737,1.09036,1.08567,1.08737
2023-05-14,1.08527,1.08921,1.08486,1.08527
2023-05-11,1.09122,1.09352,1.08556,1.09122
2023-05-10,1.09841,1.09987,1.09013,1.09841
2023-05-09,1.09647,1.10047,1.09428,1.09647
2023-05-08,1.09961,1.10011,1.0944,1.09961
2023-05-07,1.10187,1.10534,1.10125,1.10187
2023-05-04,1.10229,1.1048,1.09716,1.10229
2023-05-03,1.10689,1.10914,1.09868,1.10689
2023-05-02,1.10109,1.10582,1.10059,1.10109
2023-05-01,1.09692,1.10052,1.09435,1.09692
2023-04-30,1.10109,1.10356,1.0967,1.10109
2023-04-27,1.1032,1.10437,1.09656,1.1032
2023-04-26,1.10473,1.10656,1.09942,1.10473
2023-04-25,1.09784,1.10941,1.09692,1.09784
2023-04-24,1.10595,1.10681,1.09692,1.10595
2023-04-23,1.09923,1.10342,1.09688,1.09923
2023-04-20,1.09709,1.09925,1.09397,1.09709
2023-04-19,1.09522,1.0989,1.09343,1.09522
2023-04-18,1.09754,1.09866,1.09183,1.09754
2023-04-17,1.09254,1.09835,1.09228,1.09254
2023-04-16,1.09866,1.0999,1.09107,1.09866
2023-04-13,1.10546,1.10754,1.0978,1.10546
2023-04-12,1.09999,1.1069,1.09817,1.09999
2023-04-11,1.09175,1.09986,1.09152,1.09175
2023-04-10,1.08693,1.09267,1.0868,1.08693
2023-04-09,1.09136,1.09182,1.08325,1.09136
2023-04-06,1.09201,1.09254,1.0881,1.09201
2023-04-05,1.09033,1.09302,1.08855,1.09033
2023-04-04,1.09601,1.09692,1.09054,1.09601
2023-04-03,1.09123,1.09716,1.08839,1.09123
2023-04-02,1.08033,1.09157,1.07893,1.08033
2023-03-30,1.09047,1.09259,1.08606,1.09047
2023-03-29,1.08436,1.0924,1.0827,1.08436
2023-03-28,1.08395,1.0872,1.08213,1.08395
2023-03-27,1.08071,1.0849,1.0804,1.08071
2023-03-26,1.07782,1.0796,1.07481,1.07782
2023-03-23,1.08351,1.0839,1.07189,1.08351
2023-03-22,1.08704,1.0929,1.08686,1.08704
2023-03-21,1.07742,1.08015,1.07595,1.07742
2023-03-20,1.07191,1.07872,1.07049,1.07191
2023-03-19,1.06789,1.07305,1.06324,1.06789
2023-03-16,1.06141,1.06696,1.06121,1.06141
2023-03-15,1.05834,1.06346,1.05551,1.05834
2023-03-14,1.07277,1.07601,1.05203,1.07277
2023-03-13,1.0725,1.07471,1.06797,1.0725
2023-03-12,1.06837,1.07372,1.06523,1.06837
2023-03-09,1.05847,1.06986,1.05757,1.05847
2023-03-08,1.05495,1.05865,1.05385,1.05495
2023-03-07,1.05507,1.05733,1.05266,1.05507
2023-03-06,1.06883,1.06963,1.05716,1.06883
2023-03-05,1.06262,1.06938,1.0623,1.06262
2023-03-02,1.05997,1.06292,1.05913,1.05997
2023-03-01,1.06689,1.06727,1.05835,1.06689
2023-02-28,1.05773,1.06911,1.05657,1.05773
2023-02-27,1.06112,1.0645,1.05824,1.06112
2023-02-26,1.05548,1.06186,1.05335,1.05548
2023-02-23,1.05981,1.06143,1.05377,1.05981
2023-02-22,1.06058,1.06304,1.0582,1.06058
2023-02-21,1.0652,1.06655,1.06191,1.0652
2023-02-20,1.06826,1.06956,1.06449,1.06826
2023-02-19,1.06844,1.07055,1.06716,1.06844
2023-02-16,1.06658,1.06815,1.06138,1.06658
2023-02-15,1.06918,1.07222,1.06557,1.06918
2023-02-14,1.07357,1.07446,1.0666,1.07357
2023-02-13,1.07304,1.07984,1.071,1.07304
2023-02-12,1.06777,1.0725,1.06572,1.06777
2023-02-09,1.07423,1.07518,1.06693,1.07423
2023-02-08,1.07158,1.07904,1.07116,1.07158
2023-02-07,1.07297,1.07602,1.07168,1.07297
2023-02-06,1.07308,1.0746,1.06695,1.07308
2023-02-05,1.07909,1.08003,1.07183,1.07909
2023-02-02,1.09051,1.09407,1.0811,1.09051
2023-02-01,1.10129,1.10266,1.08877,1.10129
2023-01-31,1.0861,1.09244,1.08529,1.0861
2023-01-30,1.08507,1.08684,1.08041,1.08507
2023-01-29,1.08715,1.0915,1.08546,1.08715
2023-01-26,1.08944,1.09016,1.08388,1.08944
2023-01-25,1.0922,1.09326,1.08516,1.0922
2023-01-24,1.08882,1.09226,1.08581,1.08882
2023-01-23,1.08743,1.08968,1.08393,1.08743
2023-01-22,1.08647,1.09195,1.08475,1.08651
2023-01-19,1.08339,1.08566,1.08046,1.08339
2023-01-18,1.07978,1.08331,1.0783,1.07978
2023-01-17,1.07933,1.08845,1.0767,1.07933
2023-01-16,1.08301,1.08691,1.0787,1.08301
2023-01-15,1.08246,1.08755,1.08026,1.08246
2023-01-12,1.08602,1.08678,1.07806,1.08602
2023-01-11,1.0766,1.08384,1.0738,1.0766
2023-01-10,1.0739,1.07747,1.07269,1.0739
2023-01-09,1.07332,1.07569,1.07132,1.07332
2023-01-08,1.06563,1.07595,1.06528,1.06563
2023-01-05,1.05222,1.06222,1.04853,1.05222
2023-01-04,1.06064,1.06326,1.05156,1.06064
2023-01-03,1.05469,1.06315,1.0546,1.05469
2023-01-02,1.06777,1.06826,1.05215,1.06777
2023-01-01,1.07097,1.07124,1.06533,1.07097
2022-12-29,1.06608,1.06979,1.06392,1.06608
2022-12-28,1.06292,1.06702,1.06123,1.06292
2022-12-27,1.06372,1.06743,1.06139,1.06372
2022-12-26,1.06402,1.0669,1.06124,1.06402
2022-12-25,1.06678,1.06372,1.06089,1.06678
2022-12-22,1.06033,1.06312,1.05879,1.06033
2022-12-21,1.06101,1.06575,1.0584,1.06101
2022-12-20,1.0627,1.06435,1.0597,1.0627
2022-12-19,1.06146,1.06555,1.05807,1.06146
2022-12-18,1.0585,1.0659,1.05772,1.0585
2022-12-15,1.06406,1.06632,1.05994,1.06406
2022-12-14,1.06763,1.07256,1.06074,1.06763
2022-12-13,1.06266,1.06699,1.06201,1.06266
2022-12-12,1.05417,1.06689,1.05293,1.05417
2022-12-11,1.05222,1.05792,1.05071,1.05222
2022-12-08,1.05597,1.05884,1.052,1.05597
2022-12-07,1.05133,1.05631,1.04916,1.05133
2022-12-06,1.0469,1.05462,1.04438,1.0469
2022-12-05,1.04969,1.05321,1.0477,1.04969
2022-12-04,1.05442,1.05941,1.04924,1.05442
2022-12-01,1.05284,1.05452,1.04342,1.05284
2022-11-30,1.04253,1.05314,1.03979,1.04253
2022-11-29,1.03245,1.03946,1.02923,1.03245
2022-11-28,1.03455,1.03941,1.03255,1.03455
2022-11-27,1.03675,1.04967,1.03424,1.03675
2022-11-24,1.04081,1.0429,1.03561,1.04081
2022-11-23,1.04162,1.04482,1.03837,1.04162
2022-11-22,1.03111,1.03821,1.02981,1.03111
2022-11-21,1.02457,1.02902,1.02434,1.02457
2022-11-20,1.03309,1.03333,1.0227,1.03309
2022-11-17,1.03617,1.03959,1.0328,1.03617
2022-11-16,1.0395,1.04057,1.03095,1.0395
2022-11-15,1.03579,1.04373,1.03364,1.03579
2022-11-14,1.03193,1.04755,1.03138,1.03193
2022-11-13,1.03286,1.03503,1.02736,1.03286
2022-11-10,1.01922,1.03384,1.01662,1.01922
2022-11-09,1.00195,1.0183,0.99378,1.00195
2022-11-08,1.00808,1.00888,1.00125,1.00808
2022-11-07,1.00186,1.00942,0.99761,1.00186
2022-11-06,0.99288,1.0005,0.99194,0.99288
2022-11-03,0.97496,0.99382,0.97485,0.97496
2022-11-02,0.98144,0.98396,0.97312,0.98144
2022-11-01,0.98779,0.99135,0.98676,0.98779
2022-10-31,0.98863,0.99516,0.98621,0.98863
2022-10-30,0.9955,0.99681,0.98735,0.9955
2022-10-27,0.99678,0.9999,0.99315,0.99678
2022-10-26,1.00919,1.00949,0.99765,1.00919
2022-10-25,0.99637,1.00805,0.99446,0.99637
2022-10-24,0.98865,0.99754,0.98522,0.98865
2022-10-23,0.98601,0.98896,0.98089,0.98601
2022-10-20,0.97789,0.9857,0.97073,0.97789
2022-10-19,0.97665,0.98451,0.97555,0.97665
2022-10-18,0.98639,0.9867,0.97602,0.98639
2022-10-17,0.98464,0.98736,0.98146,0.98464
2022-10-16,0.97394,0.98471,0.97245,0.97394
2022-10-13,0.97513,0.98038,0.97095,0.97513
2022-10-12,0.9708,0.97951,0.96359,0.9708
2022-10-11,0.97002,0.9733,0.96697,0.97002
2022-10-10,0.97101,0.97581,0.9674,0.97101
2022-10-09,0.9735,0.97523,0.96825,0.9735
2022-10-06,0.97891,0.9816,0.97317,0.97891
2022-10-05,0.9911,0.99264,0.97893,0.9911
2022-10-04,0.99843,0.99942,0.98355,0.99843
2022-10-03,0.98321,0.99801,0.98067,0.98321
2022-10-02,0.97927,0.98443,0.97536,0.97927
2022-09-29,0.98296,0.985,0.97361,0.98296
2022-09-28,0.97082,0.97873,0.96383,0.97082
2022-09-27,0.95962,0.96863,0.95402,0.95962
2022-09-26,0.96237,0.96701,0.95945,0.96237
2022-09-25,0.96899,0.96999,0.95823,0.96899
2022-09-22,0.98416,0.98522,0.97039,0.98416
2022-09-21,0.98307,0.99062,0.9811,0.98307
2022-09-20,0.99708,0.99741,0.98691,0.99708
2022-09-19,1.00296,1.00503,0.99571,1.00296
2022-09-18,1.00223,1.00281,0.99668,1.00223
2022-09-15,0.99883,1.00356,0.99458,0.99883
2022-09-14,0.9984,1.00179,0.99575,0.9984
2022-09-13,0.9982,1.00228,0.99636,0.9982
2022-09-12,1.01296,1.01875,0.99958,1.01296
2022-09-11,1.00714,1.01968,1.00647,1.00714
2022-09-08,1.0012,1.01123,1.00093,1.0012
2022-09-07,0.99957,1.00291,0.99335,0.99957
2022-09-06,0.98979,0.99552,0.98778,0.98979
2022-09-05,0.99522,0.99853,0.98651,0.99522
2022-09-04,0.99094,0.99435,0.98808,0.99094
2022-09-01,0.99523,1.00333,0.99512,0.99523
2022-08-31,1.00391,1.00458,0.99174,1.00391
2022-08-30,1.00251,1.00774,0.99717,1.00251
2022-08-29,1.0014,1.00523,0.99834,1.0014
2022-08-28,0.99387,1.00311,0.99149,0.99387
2022-08-25,0.99713,1.00883,0.99473,0.99713
2022-08-24,0.99691,1.00306,0.99568,0.99691
2022-08-23,0.99669,0.99982,0.9912,0.99669
2022-08-22,0.99395,1.0019,0.99031,0.99395
2022-08-21,1.00352,1.00482,0.99277,1.00352
2022-08-18,1.00899,1.01123,1.00362,1.00899
2022-08-17,1.01802,1.01937,1.01132,1.01802
2022-08-16,1.01707,1.01978,1.01481,1.01707
2022-08-15,1.0162,1.01944,1.01234,1.0162
2022-08-14,1.02564,1.02672,1.01823,1.02564
2022-08-11,1.03167,1.03274,1.02396,1.03167
2022-08-10,1.03008,1.03659,1.02763,1.03008
2022-08-09,1.02081,1.03691,1.0203,1.02081
2022-08-08,1.01976,1.02469,1.01892,1.01976
2022-08-07,1.01709,1.02218,1.016,1.01709
2022-08-04,1.02478,1.0249,1.01436,1.02478
2022-08-03,1.01577,1.02325,1.0156,1.01577
2022-08-02,1.01557,1.02076,1.01232,1.01557
2022-08-01,1.02614,1.02931,1.01837,1.02614
2022-07-31,1.02083,1.02775,1.02096,1.02083
2022-07-28,1.01923,1.02538,1.01486,1.01923
2022-07-27,1.02093,1.02331,1.01157,1.02093
2022-07-26,1.01296,1.01719,1.01074,1.01296
2022-07-25,1.02249,1.0249,1.0114,1.02249
2022-07-24,1.02002,1.02564,1.01806,1.02002
2022-07-21,1.02211,1.02551,1.0134,1.02211
2022-07-20,1.01828,1.02754,1.01631,1.01828
2022-07-19,1.02313,1.02719,1.01759,1.02313
2022-07-18,1.01452,1.02682,1.01257,1.01452
2022-07-17,1.00963,1.01989,1.00824,1.00963
2022-07-14,1.00257,1.00979,1.00106,1.00257
2022-07-13,1.00327,1.00492,0.99536,1.00327
2022-07-12,1.00331,1.01162,0.99989,1.00331
2022-07-11,1.00475,1.00738,1.00011,1.00475
2022-07-10,1.01661,1.01678,1.00543,1.01661
2022-07-07,1.01698,1.01911,1.00797,1.01698
2022-07-06,1.01864,1.02192,1.01533,1.01864
2022-07-05,1.02577,1.02739,1.01622,1.02577
2022-07-04,1.04332,1.04486,1.02373,1.04332
2022-07-03,1.0434,1.04635,1.04181,1.0434
2022-06-30,1.04777,1.04779,1.03699,1.04777
2022-06-29,1.04466,1.04788,1.03839,1.04466
2022-06-28,1.05235,1.05363,1.0468,1.05235
2022-06-27,1.05809,1.0605,1.05058,1.05809
2022-06-26,1.05661,1.06143,1.05509,1.05661
2022-06-23,1.05201,1.05692,1.05137,1.05201
2022-06-22,1.05641,1.05807,1.04845,1.05641
2022-06-21,1.05326,1.06029,1.04719,1.05326
2022-06-20,1.05208,1.05819,1.05143,1.05208
2022-06-19,1.04914,1.05452,1.04864,1.04914
2022-06-16,1.05469,1.05517,1.04456,1.05469
2022-06-15,1.04562,1.05303,1.03826,1.04562
2022-06-14,1.04406,1.05072,1.03863,1.04406
2022-06-13,1.04151,1.04824,1.03982,1.04151
2022-06-12,1.049,1.04976,1.04191,1.049
2022-06-09,1.06192,1.06421,1.05077,1.06192
2022-06-08,1.07177,1.07701,1.06471,1.07177
2022-06-07,1.06986,1.07483,1.06733,1.06986
2022-06-06,1.06914,1.07089,1.06528,1.06914
2022-06-05,1.07261,1.07527,1.0686,1.07261
2022-06-02,1.07511,1.07654,1.07066,1.07511
2022-06-01,1.06542,1.07385,1.06457,1.06542
2022-05-31,1.07341,1.07366,1.06317,1.07341
2022-05-30,1.07735,1.07749,1.06822,1.07735
2022-05-29,1.07315,1.07852,1.07274,1.07315
2022-05-26,1.0733,1.07651,1.0698,1.0733
2022-05-25,1.06866,1.07287,1.06645,1.06866
2022-05-24,1.07365,1.07365,1.06441,1.07365
2022-05-23,1.06821,1.07463,1.0662,1.06821
2022-05-22,1.05698,1.06903,1.05687,1.05698
2022-05-19,1.0579,1.05988,1.05411,1.0579
2022-05-18,1.04727,1.05981,1.04661,1.04727
2022-05-17,1.05479,1.05641,1.04924,1.05479
2022-05-16,1.0439,1.05538,1.04324,1.0439
2022-05-15,1.04006,1.0438,1.03913,1.04006
2022-05-12,1.03796,1.04194,1.0352,1.03796
2022-05-11,1.05125,1.05297,1.03736,1.05125
2022-05-10,1.0533,1.05756,1.05071,1.0533
2022-05-09,1.05658,1.05858,1.05273,1.05658
2022-05-08,1.05322,1.05722,1.04966,1.05322
2022-05-05,1.05397,1.05984,1.04854,1.05397
2022-05-04,1.06225,1.064,1.05046,1.06225
2022-05-03,1.05285,1.05664,1.05065,1.05285
2022-05-02,1.05091,1.05777,1.04944,1.05091
2022-05-01,1.0536,1.05677,1.0504,1.0536
2022-04-28,1.05042,1.05904,1.05054,1.05042
2022-04-27,1.05551,1.05622,1.04729,1.05551
2022-04-26,1.06436,1.06564,1.05167,1.06436
2022-04-25,1.07142,1.07388,1.06446,1.07142
2022-04-24,1.0811,1.08122,1.07003,1.0811
2022-04-21,1.08352,1.08542,1.07728,1.08352
2022-04-20,1.08499,1.09347,1.08244,1.08499
2022-04-19,1.07945,1.08672,1.07848,1.07945
2022-04-18,1.07818,1.08121,1.0762,1.07818
2022-04-17,1.08153,1.08158,1.07837,1.08153
2022-04-14,1.0821,1.08234,1.07988,1.0821
2022-04-13,1.08966,1.09226,1.07586,1.08966
2022-04-12,1.08261,1.08738,1.08103,1.08261
2022-04-11,1.0878,1.09039,1.08519,1.0878
2022-04-10,1.08849,1.09328,1.08746,1.08849
2022-04-07,1.08648,1.08919,1.08369,1.08648
2022-04-06,1.08982,1.09351,1.08672,1.08982
2022-04-05,1.09064,1.09374,1.08757,1.09064
2022-04-04,1.09759,1.09914,1.09213,1.09759
2022-04-03,1.10473,1.1057,1.09809,1.10473
2022-03-31,1.10724,1.10754,1.10297,1.10724
2022-03-30,1.11618,1.11831,1.1074,1.11618
2022-03-29,1.10915,1.117,1.10891,1.10915
2022-03-28,1.09938,1.11363,1.09705,1.09938
2022-03-27,1.09819,1.09967,1.09454,1.09819
2022-03-24,1.1009,1.10387,1.0983,1.10096
2022-03-23,1.10063,1.10133,1.097,1.10063
2022-03-22,1.10301,1.1042,1.09658,1.10297
2022-03-21,1.10164,1.10457,1.09615,1.10172
2022-03-20,1.10422,1.10667,1.10261,1.10431
2022-03-17,1.10989,1.11179,1.10053,1.10995
2022-03-16,1.10224,1.11105,1.10212,1.1022
2022-03-15,1.09673,1.10387,1.09558,1.09694
2022-03-14,1.09454,1.10183,1.09395,1.09432
2022-03-13,1.09326,1.0987,1.09025,1.09321
2022-03-10,1.10121,1.10419,1.09347,1.10139
2022-03-09,1.10733,1.11162,1.09821,1.10738
2022-03-08,1.09008,1.10912,1.08979,1.08982
2022-03-07,1.08696,1.09222,1.08512,1.08653
2022-03-06,1.08739,1.09308,1.08086,1.08745
2022-03-03,1.10693,1.10693,1.089,1.10668
2022-03-02,1.11136,1.1116,1.10398,1.11123
2022-03-01,1.1131,1.11419,1.10585,1.11328
2022-02-28,1.12147,1.12322,1.11021,1.12159
2022-02-27,1.1181,1.12445,1.11432,1.1181
2022-02-24,1.11908,1.12661,1.11681,1.11907
2022-02-23,1.1306,1.1306,1.11105,1.13057
2022-02-22,1.13305,1.13598,1.13074,1.13291
2022-02-21,1.13097,1.13638,1.12891,1.13097
2022-02-20,1.13173,1.13856,1.13141,1.13172
2022-02-17,1.13639,1.13767,1.13158,1.13665
2022-02-16,1.13733,1.13869,1.13276,1.13753
2022-02-15,1.13556,1.13932,1.13455,1.13568
2022-02-14,1.13061,1.13688,1.13058,1.13063
2022-02-13,1.13658,1.13689,1.12928,1.13651
2022-02-10,1.14118,1.1419,1.13713,1.14155
2022-02-09,1.14213,1.14942,1.13808,1.14215
2022-02-08,1.14211,1.1447,1.14033,1.14213
2022-02-07,1.14409,1.14508,1.1397,1.1443
2022-02-06,1.14546,1.146,1.14167,1.14552
2022-02-03,1.14351,1.14837,1.14134,1.14358
2022-02-02,1.13,1.14507,1.12721,1.13
2022-02-01,1.12731,1.13294,1.1267,1.1274
2022-01-31,1.12291,1.1279,1.12221,1.12296
2022-01-30,1.11514,1.12169,1.1145,1.11524
2022-01-27,1.11462,1.11701,1.11234,1.1147
2022-01-26,1.12423,1.12448,1.11335,1.12435
2022-01-25,1.13035,1.13135,1.12721,1.13045
2022-01-24,1.13239,1.1325,1.12668,1.13241
2022-01-23,1.1341,1.1341,1.12914,1.13415
2022-01-20,1.13154,1.1361,1.13022,1.13138
2022-01-19,1.13435,1.13689,1.13302,1.13434
2022-01-18,1.133,1.13568,1.13195,1.13296
2022-01-17,1.14129,1.14234,1.13296,1.14106
2022-01-16,1.14121,1.14346,1.13932,1.14107
2022-01-13,1.14566,1.14837,1.14101,1.14571
2022-01-12,1.14398,1.14791,1.14364,1.14417
2022-01-11,1.13701,1.1433,1.13558,1.13665
2022-01-10,1.13327,1.1369,1.13155,1.13304
2022-01-09,1.13534,1.13598,1.12883,1.1354
2022-01-06,1.12959,1.13598,1.12905,1.12969
2022-01-05,1.13122,1.13307,1.12855,1.13135
2022-01-04,1.12854,1.13456,1.12776,1.12836
2022-01-03,1.1302,1.1323,1.12735,1.13022
2022-01-02,1.13739,1.13759,1.12854,1.13735
2021-12-30,1.13232,1.13792,1.13051,1.1325
2021-12-29,1.13598,1.13598,1.13007,1.13601
2021-12-28,1.13134,1.137,1.12754,1.13148
2021-12-27,1.13298,1.1336,1.12904,1.133
2021-12-26,1.13239,1.1335,1.13042,1.13243
2021-12-23,1.13246,1.13443,1.13084,1.13273
2021-12-22,1.13302,1.13456,1.12915,1.13289
2021-12-21,1.12905,1.1342,1.12653,1.12876
2021-12-20,1.12767,1.13033,1.12618,1.12775
2021-12-19,1.12425,1.13045,1.12373,1.12435
2021-12-16,1.13354,1.13491,1.12684,1.13341
2021-12-15,1.12931,1.13636,1.12821,1.12908
2021-12-14,1.12587,1.1278,1.12492,1.12613
2021-12-13,1.12834,1.13276,1.12666,1.12854
2021-12-12,1.13112,1.13161,1.12635,1.13118
2021-12-09,1.12941,1.13226,1.12674,1.12933
2021-12-08,1.1344,1.13456,1.12794,1.13456
2021-12-07,1.12731,1.1339,1.12696,1.12765
2021-12-06,1.12845,1.12994,1.12313,1.12867
2021-12-05,1.13026,1.131,1.1269,1.13048
2021-12-02,1.13068,1.13318,1.12674,1.13062
2021-12-01,1.13196,1.13482,1.13019,1.13195
2021-11-30,1.133,1.13585,1.13042,1.13303
2021-11-29,1.12936,1.13817,1.12461,1.12934
2021-11-28,1.12911,1.1298,1.12589,1.12932
2021-11-25,1.1209,1.1322,1.1208,1.12096
2021-11-24,1.1207,1.12309,1.1204,1.1203
2021-11-23,1.12439,1.12545,1.11878,1.12449
2021-11-22,1.12435,1.12735,1.12271,1.12421
2021-11-21,1.12757,1.12905,1.12382,1.12757
2021-11-18,1.13701,1.13701,1.12524,1.13684
2021-11-17,1.13181,1.13598,1.1315,1.13212
2021-11-16,1.13162,1.1334,1.12705,1.13212
2021-11-15,1.13674,1.1387,1.13307,1.13665
2021-11-14,1.14423,1.14642,1.1417,1.14417
2021-11-11,1.14478,1.14599,1.14341,1.14508
2021-11-10,1.14857,1.14916,1.14549,1.14859
2021-11-09,1.15937,1.15982,1.15134,1.15955
2021-11-08,1.15887,1.1609,1.15702,1.15915
2021-11-07,1.15684,1.15955,1.15518,1.15688
2021-11-04,1.15567,1.15647,1.15141,1.15553
2021-11-03,1.16158,1.16171,1.15292,1.16158
2021-11-02,1.15808,1.1599,1.15636,1.15794
2021-11-01,1.16017,1.1615,1.15792,1.15996
2021-10-31,1.15594,1.15933,1.15467,1.15567
2021-10-28,1.16837,1.16918,1.15467,1.16836
2021-10-27,1.15989,1.16932,1.15832,1.16001
2021-10-26,1.15982,1.16244,1.15853,1.15982
2021-10-25,1.16117,1.1629,1.15859,1.16117
2021-10-24,1.16413,1.16686,1.15933,1.16401
2021-10-21,1.16259,1.16541,1.16224,1.16253
2021-10-20,1.16524,1.167,1.16332,1.1655
2021-10-19,1.16339,1.1654,1.1618,1.1632
2021-10-18,1.16145,1.167,1.16145,1.16139
2021-10-17,1.15959,1.16121,1.1573,1.1597
2021-10-14,1.15907,1.16198,1.15888,1.15915
2021-10-13,1.15996,1.1625,1.15847,1.15996
2021-10-12,1.1531,1.1579,1.15306,1.1534
2021-10-11,1.15529,1.15701,1.15339,1.15538
2021-10-10,1.15659,1.15875,1.15529,1.1566
2021-10-07,1.15592,1.15837,1.15426,1.15598
2021-10-06,1.15553,1.15714,1.15494,1.15553
2021-10-05,1.15951,1.15996,1.15302,1.15961
2021-10-04,1.16166,1.16225,1.15831,1.16185
2021-10-03,1.16073,1.16401,1.15886,1.16073
2021-09-30,1.15742,1.1609,1.15639,1.15745
2021-09-29,1.16023,1.16117,1.15701,1.16016
2021-09-28,1.16869,1.1692,1.16101,1.16863
2021-09-27,1.1696,1.1706,1.167,1.16968
2021-09-26,1.17221,1.1728,1.16866,1.1723
2021-09-23,1.17418,1.17481,1.17017,1.17403
2021-09-22,1.16889,1.1751,1.16842,1.16877
2021-09-21,1.17261,1.17445,1.17172,1.17229
2021-09-20,1.17257,1.1749,1.17159,1.17302
2021-09-19,1.17288,1.17371,1.17006,1.17299
2021-09-16,1.17648,1.17897,1.17297,1.17675
2021-09-15,1.18193,1.18231,1.17517,1.182
2021-09-14,1.18036,1.1833,1.1801,1.1805
2021-09-13,1.18107,1.1847,1.1802,1.18119
2021-09-12,1.18125,1.18175,1.17706,1.18119
2021-09-09,1.18236,1.1853,1.18193,1.18259
2021-09-08,1.18203,1.18413,1.18061,1.18191
2021-09-07,1.18455,1.1854,1.18032,1.18436
2021-09-06,1.18739,1.18878,1.18383,1.18751
2021-09-05,1.18859,1.18864,1.18571,1.18859
2021-09-02,1.18742,1.19076,1.18682,1.18765
2021-09-01,1.18423,1.18722,1.18348,1.18409
2021-08-31,1.18119,1.186,1.17951,1.18103
2021-08-30,1.17994,1.18455,1.17965,1.17969
2021-08-29,1.18,1.18119,1.17845,1.1799
2021-08-26,1.17529,1.18036,1.1736,1.17564
2021-08-25,1.1773,1.17813,1.17478,1.17744
2021-08-24,1.1755,1.17606,1.17285,1.17531
2021-08-23,1.17467,1.17648,1.17281,1.17445
2021-08-22,1.16997,1.17433,1.16956,1.16976
2021-08-19,1.16768,1.1691,1.16649,1.16766
2021-08-18,1.17039,1.17069,1.16688,1.17033
2021-08-17,1.17096,1.1731,1.16969,1.17097
2021-08-16,1.17799,1.17841,1.17106,1.17799
2021-08-15,1.17963,1.18036,1.1768,1.17947
2021-08-12,1.17361,1.1803,1.1731,1.17363
2021-08-11,1.1742,1.1751,1.17251,1.17419
2021-08-10,1.17198,1.17469,1.17064,1.17233
2021-08-09,1.1739,1.1744,1.17107,1.17385
2021-08-08,1.17509,1.17716,1.17418,1.17495
2021-08-05,1.18332,1.18357,1.17564,1.18357
2021-08-04,1.18399,1.1859,1.18298,1.18374
2021-08-03,1.18691,1.1902,1.18343,1.18694
2021-08-02,1.18749,1.1896,1.18556,1.18746
2021-08-01,1.18653,1.1899,1.18596,1.1867
2021-07-29,1.1892,1.1911,1.18555,1.1893
2021-07-28,1.18468,1.1892,1.18417,1.1846
2021-07-27,1.18224,1.18301,1.17858,1.18231
2021-07-26,1.18064,1.18371,1.17718,1.18078
2021-07-25,1.1773,1.18175,1.17646,1.17734
2021-07-22,1.17736,1.17855,1.1756,1.17727
2021-07-21,1.17952,1.18298,1.17666,1.17927
2021-07-20,1.17855,1.18027,1.17536,1.17841
2021-07-19,1.17925,1.1804,1.17571,1.17938
2021-07-18,1.18115,1.18233,1.17643,1.1814
2021-07-15,1.18131,1.1823,1.1794,1.18118
2021-07-14,1.18333,1.18511,1.1806,1.18333
2021-07-13,1.17744,1.1828,1.17726,1.17754
2021-07-12,1.18649,1.18779,1.17934,1.18652
2021-07-11,1.18737,1.18821,1.18367,1.1873
2021-07-08,1.18469,1.18746,1.18252,1.1848
2021-07-07,1.17936,1.18663,1.17843,1.17934
2021-07-06,1.18203,1.18413,1.17824,1.18245
2021-07-05,1.18615,1.18963,1.1815,1.18638
2021-07-04,1.18559,1.1882,1.1852,1.18562
2021-07-01,1.18471,1.1861,1.18193,1.18462
2021-06-30,1.18554,1.1884,1.18381,1.18568
2021-06-29,1.18999,1.19104,1.18458,1.19019
2021-06-28,1.19303,1.19303,1.18804,1.19289
2021-06-27,1.19422,1.1946,1.19046,1.19422
2021-06-24,1.19279,1.19745,1.19279,1.19303
2021-06-23,1.19316,1.19567,1.19199,1.19332
2021-06-22,1.19375,1.197,1.19158,1.19367
2021-06-21,1.19116,1.19175,1.18824,1.19126
2021-06-20,1.1869,1.19205,1.18488,1.18737
2021-06-17,1.19133,1.19275,1.18511,1.19134
2021-06-16,1.19918,1.20077,1.1907,1.19956
2021-06-15,1.21255,1.2135,1.21104,1.21271
2021-06-14,1.21242,1.21492,1.21029,1.21222
2021-06-13,1.21108,1.21315,1.20953,1.21102
2021-06-10,1.21731,1.2195,1.2095,1.21726
2021-06-09,1.21773,1.21921,1.21453,1.2182
2021-06-08,1.21718,1.2219,1.21718,1.21728
2021-06-07,1.21896,1.21966,1.21666,1.21936
2021-06-06,1.21657,1.2202,1.21451,1.21684
2021-06-03,1.21303,1.21877,1.21055,1.2133
2021-06-02,1.22115,1.2216,1.21209,1.22099
2021-06-01,1.22181,1.22294,1.21657,1.22178
2021-05-31,1.22341,1.22541,1.22146,1.22329
2021-05-30,1.21901,1.22339,1.21841,1.21901
2021-05-27,1.21927,1.22011,1.21334,1.21932
2021-05-26,1.21904,1.2217,1.21757,1.21926
2021-05-25,1.22489,1.2265,1.22,1.22491
2021-05-24,1.22145,1.2267,1.22124,1.22146
2021-05-23,1.21812,1.22294,1.21758,1.21832
2021-05-20,1.22279,1.2242,1.21737,1.22254
2021-05-19,1.21728,1.2229,1.21709,1.21728
2021-05-18,1.22264,1.2248,1.21918,1.2224
2021-05-17,1.21552,1.22324,1.21541,1.21569
2021-05-16,1.21476,1.217,1.21275,1.21504
2021-05-13,1.20802,1.21477,1.20715,1.20773
2021-05-12,1.20769,1.21065,1.20531,1.20785
2021-05-11,1.21455,1.21507,1.20681,1.21445
2021-05-10,1.21421,1.21797,1.21255,1.21409
2021-05-09,1.21675,1.21773,1.21374,1.21711
2021-05-06,1.20659,1.21654,1.20534,1.20686
2021-05-05,1.20091,1.207,1.1994,1.2008
2021-05-04,1.20163,1.20294,1.19873,1.2015
2021-05-03,1.20598,1.2063,1.2,1.20613
2021-05-02,1.20265,1.2078,1.20149,1.20278
2021-04-29,1.21249,1.21286,1.20247,1.21271
2021-04-28,1.21358,1.21521,1.21042,1.21359
2021-04-27,1.20885,1.21021,1.20576,1.20903
2021-04-26,1.20792,1.20919,1.20579,1.20817
2021-04-25,1.20896,1.21183,1.20637,1.20898
2021-04-22,1.20179,1.2078,1.20139,1.20148
2021-04-21,1.20382,1.207,1.20039,1.20378
2021-04-20,1.20325,1.20453,1.2,1.20324
2021-04-19,1.20438,1.20817,1.20288,1.20453
2021-04-18,1.19683,1.20482,1.19434,1.19694
2021-04-15,1.19707,1.19947,1.19509,1.19718
2021-04-14,1.19824,1.19931,1.19579,1.19861
2021-04-13,1.19574,1.19819,1.19519,1.19541
2021-04-12,1.19121,1.19531,1.18843,1.19147
2021-04-11,1.18964,1.19204,1.18734,1.19005
2021-04-08,1.19157,1.19232,1.18686,1.19157
2021-04-07,1.1872,1.19148,1.18618,1.18737
2021-04-06,1.18755,1.19147,1.18653,1.18742
2021-04-05,1.18191,1.18554,1.17965,1.18189
2021-04-04,1.17664,1.18161,1.17394,1.17682
2021-04-01,1.17777,1.1787,1.17514,1.17799
2021-03-31,1.1729,1.17758,1.17148,1.17288
2021-03-30,1.17233,1.17586,1.17045,1.17236
2021-03-29,1.17691,1.17758,1.17132,1.1771
2021-03-28,1.17876,1.17936,1.17618,1.1788
2021-03-25,1.17761,1.1804,1.17726,1.17766
2021-03-24,1.18138,1.18301,1.17752,1.18131
2021-03-23,1.18412,1.18511,1.18134,1.18402
2021-03-22,1.19333,1.19432,1.18644,1.1933
2021-03-21,1.18845,1.19375,1.18761,1.18831
2021-03-18,1.19177,1.19375,1.18749,1.19182
2021-03-17,1.19806,1.1991,1.19101,1.19828
2021-03-16,1.19021,1.1918,1.18876,1.19016
2021-03-15,1.19273,1.1953,1.18844,1.19258
2021-03-14,1.19511,1.19654,1.19118,1.195
2021-03-11,1.19816,1.19904,1.19106,1.19861
2021-03-10,1.19275,1.19778,1.19171,1.19261
2021-03-09,1.18967,1.19251,1.187,1.18979
2021-03-08,1.1852,1.1916,1.18361,1.18517
2021-03-07,1.19246,1.19322,1.18483,1.19256
2021-03-04,1.19686,1.19686,1.1898,1.19677
2021-03-03,1.20483,1.2064,1.2025,1.20507
2021-03-02,1.2085,1.21105,1.20447,1.20855
2021-03-01,1.20491,1.20804,1.1994,1.20511
2021-02-28,1.20909,1.21016,1.20299,1.20896
2021-02-25,1.21601,1.21825,1.20918,1.21604
2021-02-24,1.21695,1.22416,1.21566,1.21714
2021-02-23,1.2152,1.2174,1.21113,1.21521
2021-02-22,1.21669,1.21788,1.21368,1.21668
2021-02-21,1.21244,1.21551,1.20922,1.21264
2021-02-18,1.20918,1.21477,1.2083,1.20919
2021-02-17,1.20459,1.2089,1.20363,1.2048
2021-02-16,1.20885,1.20983,1.20256,1.20925
2021-02-15,1.21324,1.2171,1.20958,1.21322
2021-02-14,1.21211,1.2147,1.21174,1.21221
2021-02-11,1.213,1.21359,1.2084,1.21315
2021-02-10,1.21195,1.2151,1.21143,1.21212
2021-02-09,1.21169,1.21437,1.21102,1.212
2021-02-08,1.20525,1.21148,1.20502,1.20536
2021-02-07,1.20494,1.20686,1.20214,1.20488
2021-02-04,1.19674,1.20398,1.19536,1.19667
2021-02-03,1.20418,1.20438,1.19672,1.20424
2021-02-02,1.20391,1.205,1.2005,1.20391
2021-02-01,1.20677,1.2088,1.20184,1.20687
2021-01-31,1.21228,1.21361,1.20691,1.21239
2021-01-28,1.21214,1.2157,1.2096,1.212
2021-01-27,1.21048,1.2144,1.20824,1.21051
2021-01-26,1.21632,1.21714,1.2062,1.2163
2021-01-25,1.21433,1.2175,1.21084,1.21462
2021-01-24,1.21686,1.2186,1.21172,1.21694
2021-01-21,1.21662,1.2188,1.2152,1.21663
2021-01-20,1.21153,1.2172,1.21099,1.21156
2021-01-19,1.21395,1.216,1.20777,1.21389
2021-01-18,1.20785,1.21449,1.20785,1.20773
2021-01-17,1.20672,1.20862,1.20555,1.20681
2021-01-14,1.2153,1.21625,1.20847,1.21513
2021-01-13,1.21618,1.21728,1.21131,1.21625
2021-01-12,1.22093,1.22249,1.21554,1.22089
2021-01-11,1.21616,1.21785,1.21389,1.21607
2021-01-10,1.21878,1.21996,1.21347,1.21862
2021-01-07,1.22687,1.22822,1.22149,1.22714
2021-01-06,1.23378,1.23457,1.22466,1.23411
2021-01-05,1.22986,1.23503,1.22669,1.23003
2021-01-04,1.2253,1.22948,1.225,1.22516
2021-01-03,1.2249,1.231,1.21714,1.22507
2020-12-31,1.21728,1.2217,1.2135,1.21803
2020-12-30,1.22991,1.23095,1.2223,1.22999
2020-12-29,1.22532,1.23087,1.22521,1.2253
2020-12-28,1.222,1.2276,1.222,1.22235
2020-12-27,1.2207,1.2252,1.21835,1.22051
2020-12-24,1.21847,1.2213,1.2167,1.21847
2020-12-23,1.21939,1.22175,1.21794,1.21914
2020-12-22,1.21859,1.22194,1.21578,1.21867
2020-12-21,1.22384,1.2259,1.2166,1.22369
2020-12-20,1.22106,1.22347,1.21308,1.22161
2020-12-17,1.2262,1.22684,1.22272,1.22627
2020-12-16,1.21971,1.2263,1.21924,1.21996
2020-12-15,1.21538,1.2213,1.2147,1.21543
2020-12-14,1.21487,1.21665,1.2127,1.21489
2020-12-13,1.21336,1.2174,1.21175,1.21334
2020-12-10,1.21434,1.2164,1.21079,1.21443
2020-12-09,1.20817,1.21581,1.20804,1.20788
2020-12-08,1.21099,1.2149,1.20739,1.21109
2020-12-07,1.21095,1.21342,1.20972,1.21131
2020-12-06,1.21206,1.21635,1.20808,1.21214
2020-12-03,1.21453,1.21778,1.21337,1.21456
2020-12-02,1.21134,1.2175,1.21024,1.21146
2020-12-01,1.20699,1.21074,1.20408,1.20744
2020-11-30,1.19377,1.20536,1.1936,1.19382
2020-11-29,1.19707,1.20021,1.19442,1.19715
2020-11-26,1.19118,1.19619,1.19107,1.1916
2020-11-25,1.19175,1.1941,1.18869,1.192
2020-11-24,1.19005,1.1928,1.18828,1.19005
2020-11-23,1.18418,1.18939,1.18389,1.18427
2020-11-22,1.18653,1.19059,1.18032,1.18665
2020-11-19,1.18675,1.18909,1.18518,1.18665
2020-11-18,1.18429,1.18554,1.18174,1.18476
2020-11-17,1.18644,1.1891,1.18511,1.18637
2020-11-16,1.18597,1.18927,1.18455,1.18594
2020-11-15,1.18443,1.18687,1.18147,1.18453
2020-11-12,1.18053,1.18339,1.17997,1.18034
2020-11-11,1.17787,1.1823,1.17596,1.17803
2020-11-10,1.18196,1.18329,1.17473,1.18188
2020-11-09,1.18233,1.18436,1.17808,1.18273
2020-11-08,1.18931,1.19192,1.17975,1.1893
2020-11-05,1.18142,1.18906,1.17962,1.18175
2020-11-04,1.17299,1.18568,1.17128,1.17327
2020-11-03,1.17646,1.17689,1.16077,1.17622
2020-11-02,1.16428,1.1742,1.16381,1.16428
2020-11-01,1.16425,1.1657,1.16244,1.16421
2020-10-29,1.16768,1.17034,1.16431,1.16787
2020-10-28,1.17474,1.17592,1.16562,1.17487
2020-10-27,1.17816,1.17883,1.17193,1.17841
2020-10-26,1.18094,1.1838,1.17994,1.18094
2020-10-25,1.18483,1.1851,1.1804,1.18485
2020-10-22,1.18141,1.18596,1.1788,1.1815
2020-10-21,1.18513,1.18694,1.18134,1.1854
2020-10-20,1.18293,1.18821,1.18293,1.18298
2020-10-19,1.1768,1.18399,1.17626,1.17689
2020-10-18,1.17156,1.17952,1.17049,1.17155
2020-10-15,1.17058,1.17467,1.16949,1.17071
2020-10-14,1.17476,1.17606,1.16902,1.1744
2020-10-13,1.1744,1.17702,1.17217,1.17422
2020-10-12,1.18142,1.18142,1.17357,1.18161
2020-10-11,1.18134,1.18273,1.1788,1.18168
2020-10-08,1.17671,1.18245,1.17588,1.1767
2020-10-07,1.17655,1.17813,1.17353,1.17675
2020-10-06,1.17374,1.17814,1.17254,1.17376
2020-10-05,1.17883,1.18074,1.17673,1.17925
2020-10-04,1.1722,1.17966,1.17193,1.17204
2020-10-01,1.17441,1.1747,1.16971,1.1745
2020-09-30,1.17237,1.1767,1.17181,1.17261
2020-09-29,1.17427,1.17564,1.16861,1.1742
2020-09-28,1.16777,1.17416,1.16666,1.16788
2020-09-27,1.16351,1.16796,1.16167,1.16353
2020-09-24,1.16736,1.16851,1.16135,1.16732
2020-09-23,1.16619,1.1681,1.16297,1.16585
2020-09-22,1.17075,1.172,1.16649,1.17084
2020-09-21,1.17618,1.1773,1.16934,1.1768
2020-09-20,1.18455,1.1873,1.17327,1.18455
2020-09-17,1.18525,1.1871,1.18312,1.18482
2020-09-16,1.18043,1.18301,1.17416,1.18034
2020-09-15,1.18427,1.1883,1.18146,1.18444
2020-09-14,1.18669,1.1901,1.18415,1.187
2020-09-13,1.18436,1.1888,1.18331,1.18427
2020-09-10,1.18262,1.18765,1.18259,1.18244
2020-09-09,1.18064,1.19147,1.18029,1.18064
2020-09-08,1.17691,1.18305,1.17536,1.17702
2020-09-07,1.18192,1.18287,1.17672,1.18217
2020-09-06,1.18366,1.18486,1.18138,1.18345
2020-09-03,1.18437,1.18635,1.17817,1.18398
2020-09-02,1.1846,1.18481,1.17897,1.18474
2020-09-01,1.19231,1.19243,1.18241,1.19232
2020-08-31,1.19392,1.20113,1.19373,1.1939
2020-08-30,1.19165,1.19636,1.18851,1.19182
2020-08-27,1.18205,1.19204,1.18119,1.18196
2020-08-26,1.18402,1.18985,1.17662,1.18427
2020-08-25,1.18333,1.18399,1.17761,1.1835
2020-08-24,1.17952,1.18441,1.17848,1.17945
2020-08-23,1.17991,1.18525,1.17862,1.1798
2020-08-20,1.18708,1.18864,1.17549,1.18737
2020-08-19,1.18417,1.18684,1.18065,1.18435
2020-08-18,1.19473,1.19546,1.18934,1.19479
2020-08-17,1.18793,1.19652,1.18754,1.18765
2020-08-16,1.18504,1.18807,1.18304,1.18525
2020-08-13,1.18189,1.1838,1.17847,1.18166
2020-08-12,1.17965,1.1864,1.17947,1.17938
2020-08-11,1.17399,1.18127,1.1713,1.17365
2020-08-10,1.17376,1.1805,1.17232,1.17378
2020-08-09,1.17824,1.1802,1.1743,1.17827
2020-08-06,1.18751,1.18835,1.17565,1.18765
2020-08-05,1.18737,1.19118,1.18207,1.18728
2020-08-04,1.18149,1.19053,1.18,1.18154
2020-08-03,1.17606,1.1805,1.17241,1.17633
2020-08-02,1.17841,1.17876,1.17014,1.17823
2020-07-30,1.18737,1.1908,1.18026,1.18722
2020-07-29,1.17869,1.18074,1.17327,1.17829
2020-07-28,1.17206,1.1779,1.17149,1.17188
2020-07-27,1.17665,1.17758,1.1701,1.17693
2020-07-26,1.16526,1.17795,1.16526,1.16526
2020-07-23,1.1595,1.16401,1.15817,1.15961
2020-07-22,1.15667,1.16243,1.15421,1.15687
2020-07-21,1.15351,1.16009,1.15085,1.1534
2020-07-20,1.14576,1.1498,1.14262,1.14587
2020-07-19,1.14396,1.14679,1.14052,1.1443
2020-07-16,1.13865,1.14417,1.13789,1.13921
2020-07-15,1.14173,1.1443,1.13795,1.14172
2020-07-14,1.14108,1.1453,1.13935,1.14107
2020-07-13,1.13458,1.14071,1.13263,1.13455
2020-07-12,1.13088,1.13705,1.13045,1.131
2020-07-09,1.12892,1.13248,1.12572,1.1288
2020-07-08,1.13379,1.13727,1.1288,1.13392
2020-07-07,1.12728,1.13456,1.12652,1.12752
2020-07-06,1.13103,1.13366,1.12604,1.13129
2020-07-05,1.12488,1.13469,1.12488,1.12472
2020-07-02,1.12397,1.12511,1.12211,1.12379
2020-07-01,1.12534,1.13033,1.12278,1.12514
2020-06-30,1.12337,1.12746,1.11892,1.12359
2020-06-29,1.12471,1.12616,1.11923,1.12472
2020-06-28,1.12241,1.12892,1.12206,1.12259
2020-06-25,1.12208,1.1239,1.11978,1.12221
2020-06-24,1.12514,1.126,1.11914,1.12509
2020-06-23,1.13136,1.13263,1.12599,1.13123
2020-06-22,1.12771,1.1349,1.12343,1.12797
2020-06-21,1.11794,1.12677,1.11756,1.11776
2020-06-18,1.12072,1.1253,1.11739,1.1211
2020-06-17,1.12413,1.12625,1.12046,1.12429
2020-06-16,1.12649,1.12969,1.12103,1.12657
2020-06-15,1.1338,1.13498,1.12317,1.13377
2020-06-14,1.12542,1.1292,1.12288,1.1252
2020-06-11,1.12894,1.13398,1.12347,1.12881
2020-06-10,1.13687,1.14002,1.13261,1.13654
2020-06-09,1.13341,1.13889,1.13341,1.13322
2020-06-08,1.13029,1.13634,1.12437,1.13056
2020-06-07,1.13161,1.13187,1.12695,1.13195
2020-06-04,1.13372,1.1384,1.12857,1.13379
2020-06-03,1.12372,1.13605,1.11959,1.12359
2020-06-02,1.11857,1.125,1.1181,1.11894
2020-06-01,1.11256,1.11957,1.11157,1.1126
2020-05-31,1.11146,1.1152,1.11015,1.11185
2020-05-28,1.10781,1.11447,1.10704,1.10791
2020-05-27,1.10153,1.10719,1.09931,1.10169
2020-05-26,1.09806,1.10299,1.09366,1.09818
2020-05-25,1.09011,1.09916,1.08984,1.0903
2020-05-24,1.09091,1.09146,1.0872,1.09078
2020-05-21,1.09524,1.09553,1.08861,1.09529
2020-05-20,1.09794,1.10087,1.09395,1.0983
2020-05-19,1.09302,1.0999,1.09292,1.09278
2020-05-18,1.09158,1.09751,1.09028,1.09151
2020-05-17,1.08195,1.09127,1.08009,1.08213
2020-05-14,1.08062,1.08495,1.07909,1.0807
2020-05-13,1.08219,1.08248,1.07766,1.08237
2020-05-12,1.08463,1.08934,1.08314,1.08468
2020-05-11,1.08092,1.08804,1.07854,1.08094
2020-05-10,1.08401,1.0853,1.08043,1.08395
2020-05-07,1.08369,1.08733,1.08163,1.08372
2020-05-06,1.08005,1.08157,1.07675,1.07986
2020-05-05,1.08401,1.08448,1.07842,1.08386
2020-05-04,1.09045,1.09213,1.0827,1.09043
2020-05-03,1.09575,1.09578,1.09013,1.09596
2020-04-30,1.09448,1.10163,1.09354,1.09455
2020-04-29,1.08767,1.097,1.08356,1.08773
2020-04-28,1.08324,1.08743,1.08317,1.08366
2020-04-27,1.08272,1.08897,1.08113,1.08248
2020-04-26,1.08237,1.08604,1.08122,1.08237
2020-04-23,1.07763,1.08177,1.07277,1.0777
2020-04-22,1.08068,1.0844,1.07584,1.08096
2020-04-21,1.08574,1.08832,1.08243,1.08565
2020-04-20,1.08635,1.088,1.0818,1.08648
2020-04-19,1.08663,1.0897,1.08431,1.0867
2020-04-16,1.08601,1.08933,1.08127,1.08585
2020-04-15,1.09038,1.09077,1.08297,1.09051
2020-04-14,1.09824,1.0989,1.08577,1.09854
2020-04-13,1.09195,1.09839,1.09157,1.0923
2020-04-12,1.09313,1.09685,1.08936,1.09327
2020-04-09,1.0926,1.09541,1.09211,1.09274
2020-04-08,1.08612,1.09435,1.08418,1.08637
2020-04-07,1.08943,1.08962,1.08318,1.08951
2020-04-06,1.08019,1.09234,1.07914,1.08038
2020-04-05,1.08082,1.08343,1.07692,1.0807
2020-04-02,1.08439,1.08589,1.07762,1.08474
2020-04-01,1.0951,1.0963,1.08443,1.09536
2020-03-31,1.10282,1.10375,1.09187,1.10266
2020-03-30,1.10284,1.10436,1.09297,1.10305
2020-03-29,1.11354,1.11378,1.10122,1.11391
2020-03-26,1.10462,1.10865,1.09552,1.10483
2020-03-25,1.08875,1.10255,1.08765,1.08896
2020-03-24,1.08012,1.08495,1.07702,1.08026
2020-03-23,1.07647,1.08885,1.07534,1.07646
2020-03-22,1.06875,1.08248,1.06604,1.06944
2020-03-19,1.06585,1.08299,1.06545,1.06574
2020-03-18,1.09434,1.09456,1.06979,1.09615
2020-03-17,1.10169,1.1045,1.08319,1.10155
2020-03-16,1.11633,1.11891,1.09579,1.11632
2020-03-15,1.11596,1.12354,1.10887,1.11554
2020-03-12,1.11836,1.12213,1.10654,1.11849
2020-03-11,1.12607,1.13329,1.10808,1.12615
2020-03-10,1.13162,1.1366,1.1259,1.13165
2020-03-09,1.13974,1.1423,1.13341,1.1398
2020-03-08,1.13861,1.14958,1.13568,1.1386
2020-03-05,1.12238,1.13547,1.12139,1.12238
2020-03-04,1.11391,1.12045,1.11217,1.11391
2020-03-03,1.11773,1.11857,1.10969,1.11807
2020-03-02,1.11443,1.12075,1.10973,1.11441
2020-03-01,1.10525,1.11641,1.10373,1.10513
2020-02-27,1.09955,1.10528,1.09516,1.09972
2020-02-26,1.08857,1.10057,1.08857,1.08859
2020-02-25,1.0881,1.09036,1.08556,1.0882
2020-02-24,1.08491,1.08817,1.08318,1.08492
2020-02-23,1.08386,1.08637,1.08085,1.0839
2020-02-20,1.07877,1.08637,1.07877,1.0788
2020-02-19,1.08096,1.0821,1.07796,1.08101
2020-02-18,1.07947,1.08085,1.07836,1.07954
2020-02-17,1.0837,1.0839,1.07869,1.08401
2020-02-16,1.08406,1.0854,1.08302,1.08418
2020-02-13,1.0846,1.08625,1.08313,1.0846
2020-02-12,1.08764,1.08909,1.08355,1.0876
2020-02-11,1.09218,1.0925,1.08871,1.09194
2020-02-10,1.09123,1.0927,1.08935,1.09135
2020-02-09,1.09487,1.09613,1.09096,1.09493
2020-02-06,1.09811,1.0987,1.09469,1.0983
2020-02-05,1.10005,1.10129,1.09655,1.10023
2020-02-04,1.10447,1.10485,1.09983,1.10473
2020-02-03,1.10629,1.10656,1.10339,1.10629
2020-02-02,1.10891,1.10891,1.10435,1.10898
2020-01-30,1.10288,1.10902,1.1018,1.10291
2020-01-29,1.10141,1.10366,1.10082,1.10169
2020-01-28,1.10229,1.10302,1.09932,1.10226
2020-01-27,1.10197,1.10266,1.09986,1.10198
2020-01-26,1.10263,1.104,1.10101,1.10254
2020-01-23,1.10553,1.10608,1.10212,1.10552
2020-01-22,1.10976,1.11032,1.1037,1.10964
2020-01-21,1.10859,1.10978,1.10716,1.10856
2020-01-20,1.10964,1.11198,1.10865,1.10969
2020-01-19,1.10952,1.11049,1.10775,1.10946
2020-01-16,1.1138,1.1145,1.10876,1.11396
2020-01-15,1.11527,1.11719,1.11298,1.1154
2020-01-14,1.11297,1.11635,1.11203,1.11309
2020-01-13,1.11345,1.11458,1.11056,1.11357
2020-01-12,1.11166,1.11447,1.11141,1.11167
2020-01-09,1.11093,1.1121,1.10862,1.11111
2020-01-08,1.11144,1.11222,1.10951,1.11132
2020-01-07,1.11557,1.11652,1.11109,1.11547
2020-01-06,1.11958,1.11995,1.11349,1.1198
2020-01-05,1.11625,1.12082,1.11581,1.1162
2020-01-02,1.11708,1.11807,1.11257,1.11714
2020-01-01,1.12189,1.12271,1.11668,1.12208
2019-12-31,1.12208,1.12284,1.11595,1.12208
2019-12-30,1.12045,1.1241,1.12007,1.12023
2019-12-29,1.11816,1.12207,1.11816,1.11823
2019-12-26,1.11012,1.11807,1.11,1.11011
2019-12-25,1.10951,1.11049,1.10828,1.10955
2019-12-24,1.10914,1.11086,1.10779,1.10902
2019-12-23,1.1093,1.10976,1.10706,1.10939
2019-12-22,1.10798,1.10976,1.10715,1.10798
2019-12-19,1.11237,1.1126,1.10743,1.1126
2019-12-18,1.11159,1.11424,1.11099,1.11159
2019-12-17,1.11515,1.11515,1.11114,1.11514
2019-12-16,1.11371,1.11732,1.11309,1.1137
2019-12-15,1.11252,1.11579,1.11235,1.11245
2019-12-12,1.11834,1.11869,1.11189,1.11861
2019-12-11,1.11332,1.11534,1.11119,1.11359
2019-12-10,1.10939,1.10988,1.10718,1.10928
2019-12-09,1.10645,1.10976,1.10635,1.1065
2019-12-08,1.10578,1.10803,1.1054,1.10589
2019-12-05,1.11042,1.11123,1.10423,1.11054
2019-12-04,1.10827,1.11049,1.108,1.1083
2019-12-03,1.10818,1.11135,1.10679,1.10852
2019-12-02,1.1076,1.10926,1.10665,1.10791
2019-12-01,1.10177,1.10892,1.10038,1.1019
2019-11-28,1.10113,1.10267,1.09829,1.10118
2019-11-27,1.10061,1.10193,1.10016,1.10048
2019-11-26,1.10221,1.10221,1.09934,1.10226
2019-11-25,1.1012,1.10266,1.1008,1.10144
2019-11-24,1.10241,1.10339,1.10062,1.10226
2019-11-21,1.10656,1.10786,1.10286,1.10659
2019-11-20,1.1079,1.10964,1.10638,1.10789
2019-11-19,1.10803,1.10828,1.10536,1.108
2019-11-18,1.10722,1.10852,1.10643,1.10724
2019-11-17,1.1054,1.1091,1.1054,1.10551
2019-11-14,1.10229,1.10558,1.10153,1.10205
2019-11-13,1.10087,1.10178,1.09908,1.10132
2019-11-12,1.10121,1.10205,1.10011,1.10124
2019-11-11,1.10349,1.10412,1.10039,1.10355
2019-11-10,1.10228,1.10436,1.10172,1.10224
2019-11-07,1.10346,1.10381,1.10178,1.10197
2019-11-06,1.10706,1.10914,1.1038,1.10704
2019-11-05,1.10744,1.10951,1.10675,1.10742
2019-11-04,1.11283,1.1139,1.10646,1.11285
2019-11-03,1.11694,1.1177,1.1142,1.11666
2019-10-31,1.11561,1.11744,1.11308,1.11571
2019-10-30,1.11542,1.11769,1.11338,1.11545
2019-10-29,1.11122,1.1126,1.11033,1.11148
2019-10-28,1.11025,1.11188,1.10751,1.10991
2019-10-27,1.10848,1.11067,1.10771,1.10843
2019-10-24,1.11044,1.1126,1.10804,1.1104
2019-10-23,1.11326,1.11657,1.10939,1.11324
2019-10-22,1.11297,1.11334,1.1108,1.11293
2019-10-21,1.1152,1.11607,1.11247,1.11518
2019-10-20,1.11561,1.11807,1.114,1.11557
2019-10-17,1.11272,1.1162,1.11151,1.11272
2019-10-16,1.10743,1.114,1.10659,1.10749
2019-10-15,1.1034,1.10763,1.10235,1.10347
2019-10-14,1.10258,1.10455,1.09928,1.1029
2019-10-13,1.10282,1.1043,1.10152,1.103
2019-10-10,1.10144,1.1062,1.10039,1.1011
2019-10-09,1.09859,1.10339,1.09804,1.09878
2019-10-08,1.09602,1.0992,1.09555,1.09601
2019-10-07,1.09727,1.0998,1.09467,1.09721
2019-10-06,1.09866,1.10011,1.09637,1.09866
2019-10-03,1.09749,1.09923,1.09591,1.09754
2019-10-02,1.0962,1.09983,1.09419,1.09637
2019-10-01,1.09354,1.09579,1.09052,1.09349
2019-09-30,1.08992,1.09373,1.08815,1.08997
2019-09-29,1.09416,1.09481,1.08877,1.09427
2019-09-26,1.09231,1.09584,1.09058,1.09228
2019-09-25,1.09518,1.09673,1.09251,1.09529
2019-09-24,1.10156,1.10193,1.09484,1.10169
2019-09-23,1.09937,1.10139,1.09851,1.09937
2019-09-22,1.10195,1.1028,1.09683,1.1019
2019-09-19,1.10461,1.1069,1.09988,1.10485
2019-09-18,1.10314,1.1075,1.10235,1.10314
2019-09-17,1.10743,1.10779,1.10375,1.10747
2019-09-16,1.1004,1.10681,1.09929,1.10059
2019-09-15,1.10841,1.10843,1.09949,1.10834
2019-09-12,1.10577,1.11091,1.10577,1.10583
2019-09-11,1.10144,1.10775,1.09296,1.10135
2019-09-10,1.10497,1.10583,1.09862,1.10503
2019-09-09,1.10473,1.10595,1.10318,1.10484
2019-09-08,1.10207,1.10652,1.10161,1.10206
2019-09-05,1.10363,1.10574,1.10212,1.10363
2019-09-04,1.10375,1.10828,1.10183,1.1035
2019-09-03,1.09736,1.1035,1.09727,1.09745
2019-09-02,1.09673,1.09773,1.09304,1.09685
2019-09-01,1.09909,1.09975,1.09588,1.09918
2019-08-29,1.10596,1.1061,1.09872,1.1062
2019-08-28,1.10854,1.10902,1.10562,1.10859
2019-08-27,1.109,1.11,1.10744,1.109
2019-08-26,1.11011,1.11185,1.10888,1.11037
2019-08-25,1.11431,1.11525,1.11084,1.11431
2019-08-22,1.10833,1.1149,1.1053,1.1084
2019-08-21,1.10904,1.1114,1.10645,1.10908
2019-08-20,1.10985,1.11074,1.10888,1.10978
2019-08-19,1.10825,1.1099,1.10689,1.10832
2019-08-18,1.10939,1.111,1.10882,1.10939
2019-08-15,1.11114,1.11136,1.10675,1.11136
2019-08-14,1.1145,1.1159,1.10956,1.11433
2019-08-13,1.11776,1.1191,1.114,1.11771
2019-08-12,1.12183,1.12283,1.11782,1.12183
2019-08-11,1.12069,1.12303,1.11633,1.12085
2019-08-08,1.11873,1.12198,1.11841,1.11872
2019-08-07,1.12049,1.12284,1.11844,1.12044
2019-08-06,1.12059,1.1241,1.11809,1.1207
2019-08-05,1.12427,1.12497,1.11707,1.12438
2019-08-04,1.11074,1.11995,1.11074,1.1108
2019-08-01,1.10818,1.11142,1.10708,1.10789
2019-07-31,1.10722,1.1073,1.10275,1.10718
2019-07-30,1.11573,1.11644,1.11278,1.1158
2019-07-29,1.11422,1.11581,1.11332,1.11431
2019-07-28,1.11309,1.11445,1.11144,1.11321
2019-07-25,1.11452,1.11532,1.11157,1.11462
2019-07-24,1.11423,1.11869,1.11038,1.11424
2019-07-23,1.1151,1.11557,1.113,1.11513
2019-07-22,1.1205,1.12108,1.11496,1.12061
2019-07-21,1.12181,1.12271,1.12084,1.12183
2019-07-18,1.12615,1.12714,1.1215,1.12615
2019-07-17,1.12278,1.12473,1.12062,1.12296
2019-07-16,1.12133,1.12334,1.12011,1.12123
2019-07-15,1.12609,1.12663,1.1209,1.12618
2019-07-14,1.12718,1.1286,1.12557,1.12721
2019-07-11,1.12502,1.1278,1.12397,1.12524
2019-07-10,1.12613,1.1288,1.12518,1.12589
2019-07-09,1.12046,1.1263,1.12026,1.12082
2019-07-08,1.12148,1.12221,1.11953,1.1216
2019-07-07,1.12279,1.12372,1.12084,1.12274
2019-07-04,1.12861,1.1288,1.12082,1.12858
2019-07-03,1.1288,1.12982,1.12743,1.1288
2019-07-02,1.12909,1.13053,1.12704,1.12931
2019-07-01,1.12871,1.1321,1.12767,1.12875
2019-06-30,1.13636,1.13675,1.13057,1.13649
2019-06-27,1.13714,1.13934,1.13613,1.13729
2019-06-26,1.13746,1.1383,1.13484,1.13748
2019-06-25,1.13685,1.13895,1.13509,1.137
2019-06-24,1.14002,1.1414,1.13784,1.14003
2019-06-23,1.1383,1.14012,1.13739,1.13847
2019-06-20,1.12932,1.13334,1.12836,1.12956
2019-06-19,1.12358,1.13152,1.12358,1.12385
2019-06-18,1.11975,1.12221,1.11887,1.11982
2019-06-17,1.12271,1.1244,1.11823,1.12246
2019-06-16,1.1216,1.1246,1.12054,1.1217
2019-06-13,1.12796,1.12905,1.1215,1.12804
2019-06-12,1.12931,1.1305,1.12712,1.12956
2019-06-11,1.13294,1.1343,1.13085,1.13295
2019-06-10,1.13184,1.13327,1.13048,1.13181
2019-06-09,1.1319,1.1327,1.1292,1.13202
2019-06-06,1.12755,1.13482,1.12532,1.12765
2019-06-05,1.12272,1.13079,1.12238,1.1229
2019-06-04,1.1255,1.13045,1.12399,1.1254
2019-06-03,1.12456,1.12778,1.12278,1.12463
2019-06-02,1.11734,1.1211,1.11622,1.11741
2019-05-30,1.11299,1.11794,1.11266,1.11312
2019-05-29,1.11383,1.1146,1.11185,1.11373
2019-05-28,1.11707,1.11757,1.1126,1.11707
2019-05-27,1.11936,1.11995,1.11718,1.11938
2019-05-26,1.12064,1.12183,1.11881,1.12096
2019-05-23,1.11838,1.1212,1.1178,1.11846
2019-05-22,1.11551,1.11728,1.11095,1.11555
2019-05-20,1.11694,1.11832,1.11424,1.11686
2019-05-19,1.11653,1.1177,1.11513,1.11653
2019-05-16,1.11748,1.11844,1.11573,1.11736
2019-05-15,1.12095,1.12244,1.11743,1.12072
2019-05-14,1.12036,1.12227,1.11804,1.12045
2019-05-13,1.12324,1.12461,1.12049,1.12325
2019-05-12,1.12367,1.12634,1.12241,1.12365
2019-05-09,1.12186,1.12524,1.12186,1.12221
2019-05-08,1.11975,1.1251,1.11757,1.11983
2019-05-07,1.11896,1.1215,1.11896,1.11911
2019-05-06,1.12045,1.12196,1.11761,1.12018
2019-05-05,1.11871,1.12045,1.11799,1.11858
2019-05-02,1.11726,1.12007,1.11413,1.11736
2019-05-01,1.12018,1.12182,1.11736,1.12008
2019-04-30,1.12183,1.125,1.12144,1.1216
2019-04-29,1.11842,1.12296,1.11766,1.11852
2019-04-28,1.1149,1.11699,1.11455,1.11503
2019-04-25,1.11371,1.11728,1.1123,1.11369
2019-04-24,1.1157,1.1164,1.11217,1.11535
2019-04-23,1.12245,1.12246,1.11831,1.12244
2019-04-22,1.12589,1.12613,1.11934,1.1259
2019-04-21,1.12445,1.12638,1.12367,1.12445
2019-04-18,1.12361,1.12511,1.1233,1.12359
2019-04-17,1.13007,1.1306,1.12377,1.12971
2019-04-16,1.12851,1.13237,1.12818,1.1285
2019-04-15,1.13044,1.1315,1.12861,1.13049
2019-04-14,1.13037,1.13225,1.12994,1.13051
2019-04-11,1.12594,1.1325,1.12583,1.12607
2019-04-10,1.12761,1.12875,1.12561,1.12765
2019-04-09,1.12649,1.12829,1.1231,1.1267
2019-04-08,1.12564,1.1288,1.12564,1.12564
2019-04-07,1.12221,1.12741,1.12155,1.12196
2019-04-04,1.12246,1.12415,1.12116,1.12259
2019-04-03,1.12453,1.12499,1.12092,1.1247
2019-04-02,1.12028,1.1255,1.12025,1.12038
2019-04-01,1.1206,1.1214,1.11846,1.12057
2019-03-31,1.12235,1.12502,1.12099,1.12238
2019-03-28,1.12295,1.12461,1.12109,1.123
2019-03-27,1.12514,1.1263,1.12152,1.12518
2019-03-26,1.12745,1.12855,1.12427,1.12749
2019-03-25,1.13145,1.13289,1.12796,1.13158
2019-03-24,1.12961,1.13317,1.12905,1.12959
2019-03-21,1.1374,1.13921,1.12756,1.1375
2019-03-20,1.143,1.144,1.13551,1.14279
2019-03-19,1.13531,1.13675,1.13365,1.13549
2019-03-18,1.13356,1.13636,1.13343,1.13362
2019-03-17,1.13199,1.13598,1.12347,1.13198
2019-03-14,1.13076,1.1343,1.13022,1.13084
2019-03-13,1.13329,1.13359,1.12947,1.13311
2019-03-12,1.12868,1.13138,1.1279,1.12875
2019-03-11,1.12589,1.12943,1.12502,1.12592
2019-03-10,1.1231,1.12575,1.12226,1.12324
2019-03-07,1.1202,1.12445,1.11861,1.11983
2019-03-06,1.13125,1.13199,1.12088,1.1314
2019-03-05,1.13062,1.1325,1.12916,1.13071
2019-03-04,1.13383,1.13392,1.12932,1.13373
2019-03-03,1.13753,1.13753,1.13105,1.13759
2019-02-28,1.13725,1.14089,1.13543,1.13735
2019-02-27,1.13779,1.1422,1.13608,1.13802
2019-02-26,1.13942,1.14038,1.13639,1.13932
2019-02-25,1.13662,1.13786,1.13465,1.13675
2019-02-24,1.13402,1.13675,1.1338,1.13422
2019-02-21,1.13398,1.13558,1.13187,1.1343
2019-02-20,1.13464,1.13658,1.13226,1.13464
2019-02-19,1.1343,1.13696,1.13259,1.1343
2019-02-18,1.13121,1.13418,1.1277,1.1312
2019-02-17,1.12948,1.13341,1.12948,1.1298
2019-02-14,1.12947,1.12982,1.12349,1.12953
2019-02-13,1.12641,1.13082,1.12506,1.12649
2019-02-12,1.13327,1.13443,1.12829,1.13347
2019-02-11,1.12803,1.13199,1.12589,1.1279
2019-02-10,1.13243,1.13314,1.12735,1.13243
2019-02-07,1.13399,1.1351,1.13218,1.13388
2019-02-06,1.13664,1.13701,1.13261,1.1366
2019-02-05,1.14088,1.1411,1.13754,1.14099
2019-02-04,1.14358,1.1443,1.14033,1.14363
2019-02-03,1.14573,1.14626,1.14254,1.14553
2019-01-31,1.14508,1.14884,1.14351,1.14495
2019-01-30,1.14855,1.15137,1.14506,1.14877
2019-01-29,1.14351,1.14503,1.14086,1.14354
2019-01-28,1.14298,1.14506,1.14118,1.143
2019-01-27,1.14127,1.14456,1.13909,1.14131
2019-01-24,1.13099,1.14116,1.13058,1.13135
2019-01-23,1.13871,1.13934,1.13132,1.13882
2019-01-22,1.13638,1.13932,1.13516,1.1364
2019-01-21,1.13696,1.13753,1.13368,1.13693
2019-01-20,1.13654,1.13882,1.1358,1.13656
2019-01-17,1.13919,1.14103,1.13542,1.13926
2019-01-16,1.1399,1.14077,1.13724,1.13981
2019-01-15,1.14141,1.14223,1.13789,1.14168
2019-01-14,1.14732,1.14916,1.13861,1.14729
2019-01-13,1.14628,1.14837,1.14516,1.14601
2019-01-10,1.15152,1.1539,1.14597,1.15101
2019-01-09,1.15552,1.15714,1.15115,1.15549
2019-01-08,1.14573,1.15402,1.14417,1.14561
2019-01-07,1.14793,1.14863,1.14247,1.14797
2019-01-06,1.14129,1.14745,1.14052,1.14104
2019-01-03,1.13909,1.14177,1.13482,1.13911
2019-01-02,1.13173,1.14091,1.13173,1.13181
2019-01-01,1.14613,1.1497,1.13457,1.14617
2018-12-31,1.14942,1.155,1.1465,1.14931
2018-12-30,1.14389,1.14659,1.14223,1.144
2018-12-27,1.14309,1.14732,1.14309,1.14311
2018-12-26,1.13636,1.14343,1.13591,1.13613
2018-12-25,1.14134,1.14194,1.13762,1.14155
2018-12-24,1.14051,1.1422,1.13701,1.14039
2018-12-23,1.1372,1.14384,1.1372,1.13728
2018-12-20,1.14578,1.14745,1.13878,1.14569
2018-12-19,1.13878,1.14849,1.13784,1.13895
2018-12-18,1.13757,1.14397,1.13757,1.13754
2018-12-17,1.135,1.1403,1.13386,1.13498
2018-12-16,1.13067,1.1354,1.13048,1.1306
2018-12-13,1.13633,1.13662,1.12708,1.13636
2018-12-12,1.13727,1.13925,1.13336,1.13735
2018-12-11,1.13228,1.13804,1.13162,1.13231
2018-12-10,1.1355,1.13994,1.13076,1.13565
2018-12-09,1.14038,1.14456,1.13624,1.1401
2018-12-06,1.13768,1.14107,1.13613,1.13748
2018-12-05,1.13473,1.14123,1.13234,1.13491
2018-12-04,1.13437,1.13603,1.1315,1.13429
2018-12-03,1.13559,1.14177,1.13433,1.13549
2018-12-02,1.13418,1.13801,1.13217,1.13422
2018-11-29,1.13928,1.14012,1.13148,1.13928
2018-11-28,1.13666,1.14015,1.13496,1.13685
2018-11-27,1.12971,1.1308,1.12677,1.12988
2018-11-26,1.13343,1.13449,1.12794,1.13334
2018-11-25,1.13389,1.13836,1.13273,1.13373
2018-11-22,1.14026,1.14194,1.13323,1.14032
2018-11-21,1.13889,1.14341,1.13863,1.13884
2018-11-20,1.13727,1.1422,1.13664,1.13724
2018-11-19,1.14548,1.14728,1.13871,1.1455
2018-11-18,1.14121,1.14629,1.13945,1.1414
2018-11-15,1.13253,1.14142,1.13226,1.13249
2018-11-14,1.13136,1.13511,1.1275,1.13118
2018-11-13,1.13161,1.13397,1.12648,1.13112
2018-11-12,1.12241,1.12919,1.12232,1.12334
2018-11-11,1.13248,1.13327,1.12416,1.1325
2018-11-08,1.13685,1.13692,1.1325,1.13684
2018-11-07,1.14333,1.14443,1.14051,1.14341
2018-11-06,1.1441,1.14999,1.14006,1.14385
2018-11-05,1.14086,1.14381,1.13933,1.14129
2018-11-04,1.1397,1.14064,1.13552,1.13976
2018-11-01,1.14028,1.14554,1.13757,1.14033
2018-10-31,1.13139,1.14132,1.13138,1.13167
2018-10-30,1.13458,1.13601,1.13117,1.13464
2018-10-29,1.13751,1.13871,1.13474,1.13762
2018-10-28,1.13987,1.14158,1.13644,1.13987
2018-10-25,1.13751,1.13985,1.13362,1.13779
2018-10-24,1.13987,1.14308,1.13662,1.13993
2018-10-23,1.14726,1.14758,1.13841,1.14732
2018-10-22,1.14647,1.14898,1.144,1.14679
2018-10-21,1.15112,1.1552,1.14624,1.15095
2018-10-18,1.14552,1.15145,1.14337,1.146
2018-10-17,1.15009,1.15274,1.14829,1.15009
2018-10-16,1.15763,1.15821,1.15218,1.15753
2018-10-15,1.15833,1.16201,1.15671,1.15835
2018-10-14,1.15509,1.16056,1.15436,1.15514
2018-10-11,1.15904,1.16095,1.15369,1.15904
2018-10-10,1.15322,1.15976,1.15322,1.15334
2018-10-09,1.1504,1.1542,1.14807,1.1507
2018-10-08,1.14946,1.15048,1.14333,1.14941
2018-10-07,1.15239,1.15314,1.14609,1.15226
2018-10-04,1.15176,1.15426,1.14878,1.15181
2018-10-03,1.14774,1.1536,1.14646,1.14763
2018-10-02,1.15504,1.15933,1.15164,1.15518
2018-10-01,1.15776,1.15821,1.15067,1.15776
2018-09-30,1.1605,1.16213,1.15651,1.16054
2018-09-27,1.16368,1.1653,1.15706,1.16374
2018-09-26,1.17471,1.17592,1.16645,1.17485
2018-09-25,1.17661,1.1777,1.1729,1.17632
2018-09-24,1.17532,1.17925,1.17325,1.17529
2018-09-23,1.1751,1.1815,1.17253,1.1751
2018-09-20,1.17761,1.18016,1.17357,1.17759
2018-09-19,1.16741,1.1777,1.16728,1.16746
2018-09-18,1.16788,1.17165,1.16534,1.16799
2018-09-17,1.16692,1.17204,1.16692,1.16692
2018-09-16,1.16236,1.16959,1.16236,1.1629
2018-09-13,1.16904,1.17213,1.16557,1.16918
2018-09-12,1.16266,1.17008,1.16097,1.16293
2018-09-11,1.15959,1.16482,1.15709,1.15961
2018-09-10,1.15934,1.16428,1.15668,1.15959
2018-09-09,1.1559,1.16144,1.15276,1.15611
2018-09-06,1.16239,1.16509,1.15639,1.16201
2018-09-05,1.16349,1.16562,1.16077,1.16352
2018-09-04,1.1588,1.16326,1.15468,1.15865
2018-09-03,1.16131,1.16158,1.15332,1.16155
2018-09-02,1.15985,1.16279,1.1591,1.16011
2018-08-30,1.16659,1.16893,1.15965,1.16647
2018-08-29,1.17093,1.17176,1.16441,1.17097
2018-08-28,1.1693,1.17063,1.1654,1.16913
2018-08-27,1.16835,1.1733,1.16634,1.16836
2018-08-26,1.16444,1.16809,1.15972,1.16489
2018-08-23,1.15428,1.1637,1.15393,1.15434
2018-08-22,1.15863,1.15896,1.15452,1.15848
2018-08-21,1.15763,1.16252,1.15544,1.15768
2018-08-20,1.14891,1.15391,1.14866,1.14914
2018-08-19,1.14379,1.14494,1.13952,1.14377
2018-08-16,1.13723,1.1422,1.13674,1.13714
2018-08-15,1.13443,1.14084,1.13384,1.13443
2018-08-14,1.13482,1.13495,1.13022,1.13457
2018-08-13,1.13985,1.1431,1.13475,1.14025
2018-08-12,1.13959,1.14338,1.1366,1.13947
2018-08-09,1.15287,1.15393,1.13961,1.15239
2018-08-08,1.16101,1.16212,1.15618,1.16108
2018-08-07,1.16033,1.16293,1.15746,1.1603
2018-08-06,1.15575,1.1609,1.1552,1.1558
2018-08-05,1.15614,1.15701,1.1531,1.15623
2018-08-02,1.15856,1.1612,1.15622,1.1586
2018-08-01,1.16639,1.167,1.16042,1.16659
2018-07-31,1.16896,1.16986,1.16653,1.16896
2018-07-30,1.17086,1.17481,1.16928,1.17074
2018-07-29,1.16632,1.17192,1.16494,1.16604
2018-07-26,1.16446,1.16632,1.16237,1.16429
2018-07-25,1.17399,1.17431,1.16509,1.17375
2018-07-24,1.16877,1.17137,1.16675,1.16855
2018-07-23,1.16986,1.17166,1.16572,1.16941
2018-07-22,1.17418,1.17509,1.16887,1.17419
2018-07-19,1.16547,1.17224,1.1628,1.16552
2018-07-18,1.16462,1.1657,1.15759,1.16457
2018-07-17,1.16577,1.16653,1.16037,1.16532
2018-07-16,1.17106,1.17454,1.16645,1.17095
2018-07-15,1.1679,1.17261,1.16766,1.16791
2018-07-12,1.16637,1.16754,1.16145,1.16659
2018-07-11,1.16757,1.1697,1.16505,1.16768
2018-07-10,1.17303,1.17552,1.16984,1.1727
2018-07-09,1.17575,1.17629,1.16919,1.1757
2018-07-08,1.17517,1.17908,1.17429,1.17523
2018-07-05,1.16939,1.17673,1.16807,1.16959
2018-07-04,1.16618,1.17198,1.16508,1.16623
2018-07-03,1.16594,1.16818,1.16314,1.16592
2018-07-02,1.16408,1.16754,1.16226,1.16421
2018-07-01,1.16784,1.16784,1.15926,1.16786
2018-06-28,1.15644,1.16824,1.15644,1.1563
2018-06-27,1.15624,1.1597,1.1528,1.15636
2018-06-26,1.16481,1.16719,1.15836,1.16503
2018-06-25,1.17018,1.17206,1.1652,1.17027
2018-06-24,1.16606,1.17,1.16299,1.16614
2018-06-21,1.1607,1.1676,1.16017,1.16058
2018-06-20,1.1577,1.16283,1.15141,1.1579
2018-06-19,1.15894,1.16001,1.1546,1.15886
2018-06-18,1.16301,1.16469,1.15332,1.16308
2018-06-17,1.1597,1.16237,1.15664,1.15959
2018-06-14,1.15634,1.16266,1.15453,1.15666
2018-06-13,1.18064,1.18416,1.16288,1.18078
2018-06-12,1.17476,1.17897,1.17336,1.17483
2018-06-11,1.17733,1.18085,1.17431,1.17741
2018-06-10,1.17869,1.18203,1.17761,1.1784
2018-06-07,1.17938,1.1812,1.17284,1.17952
2018-06-06,1.1784,1.1841,1.17836,1.17855
2018-06-05,1.17266,1.1797,1.17147,1.17262
2018-06-04,1.17018,1.17138,1.16553,1.17006
2018-06-03,1.167,1.17443,1.16688,1.16686
2018-05-31,1.16933,1.17155,1.16299,1.16932
2018-05-30,1.16662,1.1724,1.16429,1.16673
2018-05-29,1.15376,1.1671,1.15201,1.15393
2018-05-28,1.16275,1.16398,1.15144,1.1627
2018-05-27,1.16876,1.17302,1.16085,1.16889
2018-05-24,1.17232,1.17332,1.16484,1.17226
2018-05-23,1.17071,1.17494,1.16922,1.17101
2018-05-22,1.17897,1.1791,1.16862,1.17886
2018-05-21,1.17888,1.18282,1.17595,1.17925
2018-05-20,1.17637,1.1779,1.17187,1.17666
2018-05-17,1.1792,1.18223,1.17505,1.17952
2018-05-16,1.18142,1.18368,1.17786,1.1817
2018-05-15,1.18226,1.1854,1.17657,1.18209
2018-05-14,1.1932,1.19403,1.1824,1.19312
2018-05-13,1.19516,1.1997,1.19516,1.19521
2018-05-10,1.19153,1.19679,1.18934,1.19175
2018-05-09,1.18476,1.19424,1.18447,1.18472
2018-05-08,1.18668,1.18961,1.18236,1.18679
2018-05-07,1.19326,1.19389,1.18394,1.19337
2018-05-06,1.19557,1.19789,1.18995,1.1955
2018-05-03,1.19893,1.19976,1.19148,1.19893
2018-05-02,1.19517,1.20091,1.19507,1.1951
2018-05-01,1.19921,1.20311,1.19541,1.19916
2018-04-30,1.20831,1.20846,1.19835,1.20812
2018-04-29,1.21286,1.21386,1.20664,1.21228
2018-04-26,1.21076,1.2117,1.2056,1.21096
2018-04-25,1.21708,1.221,1.20998,1.21717
2018-04-24,1.22362,1.22362,1.2169,1.22414
2018-04-23,1.22112,1.22347,1.21849,1.2209
2018-04-22,1.22738,1.22897,1.22123,1.22734
2018-04-19,1.23442,1.23527,1.22551,1.23455
2018-04-18,1.23785,1.2402,1.23305,1.23792
2018-04-17,1.2373,1.23969,1.23445,1.23732
2018-04-16,1.23847,1.2415,1.23384,1.23851
2018-04-15,1.2333,1.2394,1.23263,1.23326
2018-04-12,1.23335,1.23487,1.23087,1.23297
2018-04-11,1.23762,1.23798,1.23004,1.23716
2018-04-10,1.23638,1.23937,1.23541,1.23631
2018-04-09,1.23222,1.23778,1.23038,1.23224
2018-04-08,1.22714,1.23305,1.22626,1.22714
2018-04-05,1.2251,1.228,1.22181,1.22516
2018-04-04,1.22879,1.2291,1.22194,1.22868
2018-04-03,1.22794,1.23106,1.22576,1.22785
2018-04-02,1.22933,1.2337,1.22551,1.22927
2018-04-01,1.23128,1.23457,1.22838,1.23142
2018-03-29,1.23025,1.23335,1.2298,1.23029
2018-03-28,1.23128,1.23381,1.22852,1.23103
2018-03-27,1.2408,1.24224,1.23371,1.24079
2018-03-26,1.2455,1.24782,1.23733,1.24575
2018-03-25,1.23539,1.2449,1.23524,1.23544
2018-03-22,1.2326,1.23602,1.232,1.2325
2018-03-21,1.23487,1.23868,1.23004,1.23477
2018-03-20,1.22481,1.22962,1.2247,1.22519
2018-03-19,1.23381,1.23542,1.2265,1.23368
2018-03-18,1.22808,1.23324,1.22605,1.22808
2018-03-15,1.23077,1.2335,1.22615,1.23092
2018-03-14,1.23753,1.2387,1.23207,1.23756
2018-03-13,1.2393,1.24162,1.23501,1.23923
2018-03-12,1.23387,1.23989,1.2315,1.23396
2018-03-11,1.23086,1.2342,1.22914,1.23087
2018-03-08,1.23078,1.23338,1.22755,1.23066
2018-03-07,1.24162,1.24448,1.23063,1.24147
2018-03-06,1.24193,1.24406,1.2386,1.24167
2018-03-05,1.23378,1.24199,1.23312,1.23365
2018-03-04,1.23185,1.23483,1.22755,1.23154
2018-03-01,1.22713,1.23305,1.22528,1.22708
2018-02-28,1.2191,1.22218,1.2158,1.21913
2018-02-27,1.22221,1.22429,1.21892,1.22303
2018-02-26,1.2316,1.23457,1.22232,1.23156
2018-02-25,1.22883,1.23548,1.22825,1.22871
2018-02-22,1.2326,1.2335,1.22805,1.23267
2018-02-21,1.22803,1.23533,1.22617,1.22818
2018-02-20,1.23355,1.2347,1.23007,1.23353
2018-02-19,1.23991,1.24091,1.23219,1.23986
2018-02-18,1.24119,1.2438,1.2371,1.24119
2018-02-15,1.25073,1.25581,1.24305,1.25036
2018-02-14,1.24671,1.2512,1.24505,1.24673
2018-02-13,1.2353,1.24162,1.22785,1.23538
2018-02-12,1.23012,1.2372,1.22861,1.23038
2018-02-11,1.22534,1.22971,1.22363,1.22528
2018-02-08,1.22608,1.22855,1.22264,1.22608
2018-02-07,1.22684,1.22945,1.22166,1.22681
2018-02-06,1.23815,1.24032,1.22785,1.23813
2018-02-05,1.23683,1.24285,1.23162,1.23678
2018-02-04,1.24471,1.24782,1.24016,1.24469
2018-02-01,1.25127,1.2518,1.24119,1.251
2018-01-31,1.24174,1.24878,1.23865,1.24187
2018-01-30,1.24083,1.24766,1.24006,1.24096
2018-01-29,1.23818,1.24522,1.23368,1.23811
2018-01-28,1.24282,1.24319,1.23381,1.24281
2018-01-25,1.23923,1.24902,1.23874,1.23923
2018-01-24,1.2396,1.25299,1.23865,1.23911
2018-01-23,1.23097,1.2402,1.22951,1.23103
2018-01-22,1.22573,1.2307,1.22236,1.22562
2018-01-21,1.22559,1.22666,1.22146,1.22555
2018-01-18,1.22359,1.22948,1.22203,1.22366
2018-01-17,1.21815,1.22626,1.21751,1.2184
2018-01-16,1.22714,1.23215,1.21991,1.22713
2018-01-15,1.22699,1.22812,1.21968,1.22684
2018-01-14,1.2193,1.2299,1.21881,1.21923
2018-01-11,1.20421,1.21561,1.20414,1.20421
2018-01-10,1.19549,1.20592,1.19312,1.19561
2018-01-09,1.19293,1.20163,1.19245,1.19293
2018-01-08,1.19696,1.19758,1.1918,1.19705
2018-01-07,1.20395,1.2054,1.19597,1.20375
2018-01-04,1.20662,1.20846,1.20215,1.20688
2018-01-03,1.20113,1.20919,1.2005,1.20104
2018-01-02,1.2062,1.20671,1.2005,1.20635
2018-01-01,1.20109,1.20809,1.20086,1.20116
2017-12-31,1.2005,1.2015,1.1999,1.2005
2017-12-28,1.19399,1.20228,1.1938,1.19417
2017-12-27,1.19002,1.1955,1.18982,1.19008
2017-12-26,1.1861,1.19104,1.18556,1.18579
2017-12-25,1.18713,1.18779,1.18475,1.18725
2017-12-24,1.18568,1.1885,1.1849,1.18561
2017-12-21,1.18516,1.1862,1.18175,1.18573
2017-12-20,1.18778,1.1892,1.18502,1.18782
2017-12-19,1.18371,1.19012,1.18301,1.18413
2017-12-18,1.17829,1.18329,1.1777,1.17843
2017-12-17,1.17467,1.18343,1.17431,1.17436
2017-12-14,1.17752,1.1814,1.17617,1.1775
2017-12-13,1.18399,1.18599,1.17716,1.18359
2017-12-12,1.17436,1.17702,1.17305,1.17426
2017-12-11,1.17772,1.1793,1.17189,1.17776
2017-12-10,1.17693,1.18104,1.17689,1.177
2017-12-07,1.17744,1.17772,1.17319,1.17722
2017-12-06,1.1805,1.18092,1.17772,1.18043
2017-12-05,1.18305,1.18483,1.17813,1.18329
2017-12-04,1.18686,1.18793,1.18089,1.18677
2017-12-03,1.18571,1.18787,1.18312,1.18599
2017-11-30,1.18991,1.19399,1.18521,1.18982
2017-11-29,1.185,1.19298,1.1815,1.1852
2017-11-28,1.18497,1.1885,1.182,1.18481
2017-11-27,1.1904,1.1921,1.18675,1.19049
2017-11-26,1.19288,1.19604,1.19082,1.19265
2017-11-23,1.18509,1.19437,1.18373,1.1854
2017-11-22,1.18152,1.1855,1.18145,1.18147
2017-11-21,1.1741,1.17982,1.17356,1.17372
2017-11-20,1.17387,1.17567,1.17155,1.17412
2017-11-19,1.17321,1.18075,1.17259,1.17319
2017-11-16,1.17773,1.18217,1.17747,1.17775
2017-11-14,1.17918,1.18594,1.17861,1.17929
2017-11-13,1.16649,1.17741,1.16633,1.16649
2017-11-12,1.16611,1.16752,1.16387,1.16611
2017-11-09,1.16452,1.16752,1.1624,1.16469
2017-11-08,1.15955,1.16526,1.15864,1.15969
2017-11-07,1.16025,1.16095,1.15812,1.16011
2017-11-06,1.16118,1.16171,1.15559,1.16126
2017-11-05,1.16153,1.16266,1.15828,1.16149
2017-11-02,1.16632,1.16867,1.16052,1.16618
2017-11-01,1.16291,1.16873,1.16288,1.16287
2017-10-31,1.16516,1.16575,1.16083,1.16518
2017-10-30,1.16498,1.16589,1.16256,1.16527
2017-10-29,1.16073,1.16428,1.15981,1.16046
2017-10-26,1.1639,1.16441,1.15759,1.16372
2017-10-25,1.18222,1.18356,1.16922,1.18207
2017-10-24,1.17599,1.18175,1.17538,1.1759
2017-10-23,1.17553,1.17772,1.17438,1.17592
2017-10-22,1.17548,1.1779,1.17341,1.17536
2017-10-19,1.1852,1.1858,1.1765,1.18481
2017-10-18,1.17936,1.18572,1.177,1.17952
2017-10-17,1.17729,1.17798,1.17323,1.17719
2017-10-16,1.17951,1.17951,1.17386,1.17945
2017-10-15,1.1815,1.1821,1.17811,1.18141
2017-10-12,1.18314,1.18744,1.18062,1.18318
2017-10-11,1.18653,1.18807,1.18318,1.18655
2017-10-10,1.18141,1.1858,1.17963,1.18149
2017-10-09,1.17419,1.18177,1.17419,1.17416
2017-10-08,1.17429,1.17509,1.1721,1.17425
2017-10-05,1.1714,1.17387,1.16713,1.17123
2017-10-04,1.1757,1.17799,1.17039,1.17572
2017-10-03,1.17478,1.17867,1.17474,1.17476
2017-10-02,1.17332,1.17716,1.16974,1.17338
2017-10-01,1.18076,1.18076,1.17312,1.18074
2017-09-28,1.17806,1.18319,1.17733,1.17817
2017-09-27,1.17505,1.18027,1.1722,1.17496
2017-09-26,1.17813,1.17952,1.17192,1.17861
2017-09-25,1.18556,1.18638,1.17653,1.18556
2017-09-24,1.19268,1.19389,1.18518,1.19272
2017-09-21,1.19449,1.20025,1.19406,1.19456
2017-09-20,1.1873,1.19536,1.18662,1.18721
2017-09-19,1.19928,1.20192,1.19867,1.19926
2017-09-18,1.19617,1.20054,1.196,1.19593
2017-09-17,1.19375,1.19689,1.19168,1.19372
2017-09-14,1.19228,1.19855,1.19023,1.19216
2017-09-13,1.18905,1.191,1.18457,1.18906
2017-09-12,1.19716,1.1996,1.18857,1.19746
2017-09-11,1.19586,1.19775,1.19275,1.19594
2017-09-10,1.20153,1.20294,1.19624,1.20176
2017-09-07,1.20286,1.20934,1.20189,1.20291
2017-09-06,1.19275,1.20569,1.19157,1.19278
2017-09-05,1.19236,1.19493,1.19038,1.19241
2017-09-04,1.18944,1.19382,1.18704,1.18934
2017-09-03,1.18826,1.19232,1.18795,1.18828
2017-08-31,1.19109,1.19786,1.18511,1.19104
2017-08-30,1.189,1.19082,1.18244,1.18934
2017-08-29,1.19703,1.19861,1.18967,1.19705
2017-08-28,1.19652,1.2067,1.1963,1.19639
2017-08-27,1.19514,1.19761,1.19178,1.19519
2017-08-24,1.17983,1.18843,1.17748,1.18022
2017-08-23,1.18164,1.18189,1.17852,1.18166
2017-08-22,1.17608,1.18186,1.17436,1.17622
2017-08-21,1.18118,1.18259,1.17465,1.18119
2017-08-20,1.17572,1.18247,1.17319,1.17563
2017-08-17,1.17173,1.17682,1.17122,1.17155
2017-08-16,1.17743,1.17902,1.1667,1.17743
2017-08-15,1.17399,1.17575,1.16836,1.17412
2017-08-14,1.1777,1.17925,1.1689,1.17758
2017-08-13,1.18263,1.184,1.17733,1.18255
2017-08-10,1.177,1.18318,1.17492,1.17702
2017-08-09,1.17647,1.17647,1.17047,1.17615
2017-08-08,1.17534,1.17603,1.16924,1.17546
2017-08-07,1.18003,1.18245,1.17187,1.18009
2017-08-06,1.17777,1.18125,1.17777,1.17784
2017-08-03,1.18878,1.1891,1.17369,1.1885
2017-08-02,1.18514,1.18948,1.1834,1.18511
2017-08-01,1.18093,1.18676,1.1795,1.18113
2017-07-31,1.18236,1.18375,1.17911,1.18241
2017-07-30,1.17469,1.18247,1.17237,1.17473
2017-07-27,1.169,1.17633,1.16726,1.16887
2017-07-26,1.17303,1.1775,1.16549,1.1728
2017-07-25,1.16433,1.1655,1.16158,1.16446
2017-07-24,1.16389,1.17069,1.16316,1.16389
2017-07-23,1.16816,1.16817,1.16317,1.16817
2017-07-20,1.1628,1.16752,1.16202,1.16287
2017-07-19,1.15288,1.165,1.14801,1.15284
2017-07-18,1.15496,1.15532,1.15107,1.15497
2017-07-17,1.14734,1.15848,1.14724,1.14743
2017-07-16,1.14751,1.14873,1.14363,1.14754
2017-07-13,1.14039,1.14668,1.13924,1.14039
2017-07-12,1.1419,1.14553,1.13725,1.14189
2017-07-11,1.14739,1.1491,1.13948,1.14739
2017-07-09,1.14064,1.14173,1.1383,1.14038
2017-07-06,1.14213,1.14382,1.13829,1.14248
2017-07-05,1.13449,1.1409,1.13307,1.13469
2017-07-04,1.13599,1.13688,1.1315,1.13601
2017-07-03,1.13753,1.13792,1.13379,1.13714
2017-07-02,1.14251,1.1426,1.13569,1.14231
2017-06-29,1.14405,1.1445,1.13929,1.14417
2017-06-28,1.1378,1.14351,1.1378,1.13827
2017-06-27,1.13368,1.1388,1.12973,1.13392
2017-06-26,1.11807,1.13302,1.11806,1.11836
2017-06-25,1.11997,1.12187,1.11726,1.11988
2017-06-22,1.11498,1.12086,1.11463,1.11496
2017-06-21,1.11684,1.11782,1.11471,1.11672
2017-06-20,1.11363,1.11545,1.11287,1.1137
2017-06-19,1.11447,1.1166,1.11209,1.11445
2017-06-18,1.12034,1.12133,1.11598,1.12082
2017-06-15,1.11474,1.11997,1.11391,1.11469
2017-06-14,1.12162,1.12284,1.11336,1.12158
2017-06-13,1.12108,1.12951,1.11986,1.12089
2017-06-12,1.11991,1.12252,1.11858,1.11962
2017-06-11,1.12024,1.1231,1.11941,1.1202
2017-06-08,1.11932,1.1217,1.11678,1.11848
2017-06-07,1.12547,1.12702,1.11965,1.12552
2017-06-06,1.12705,1.12799,1.12052,1.12714
2017-06-05,1.12582,1.1279,1.12413,1.12568
2017-06-04,1.12755,1.1279,1.12362,1.12808
2017-06-01,1.12133,1.12815,1.12062,1.12158
2017-05-31,1.12382,1.12572,1.12031,1.12435
2017-05-30,1.11737,1.12523,1.11658,1.11717
2017-05-29,1.11294,1.12016,1.11107,1.1129
2017-05-28,1.11752,1.11907,1.1163,1.11761
2017-05-25,1.12106,1.1232,1.11635,1.12108
2017-05-24,1.12312,1.1251,1.11956,1.12309
2017-05-23,1.11809,1.12025,1.11694,1.11793
2017-05-22,1.12371,1.12667,1.11963,1.12389
2017-05-21,1.12024,1.12633,1.11623,1.12049
2017-05-18,1.11109,1.11982,1.11007,1.11136
2017-05-17,1.11542,1.11721,1.11049,1.11564
2017-05-16,1.10957,1.11503,1.10832,1.1094
2017-05-15,1.09807,1.10893,1.09796,1.09818
2017-05-14,1.0928,1.099,1.09232,1.09273
2017-05-11,1.0866,1.09337,1.08577,1.0865
2017-05-10,1.08667,1.0892,1.084,1.08708
2017-05-09,1.0887,1.09004,1.08594,1.08868
2017-05-08,1.09273,1.0934,1.08726,1.09278
2017-05-07,1.0967,1.09963,1.09195,1.09651
2017-05-04,1.09814,1.09999,1.09533,1.09815
2017-05-03,1.08887,1.09685,1.08763,1.0889
2017-05-02,1.09356,1.09397,1.09057,1.09356
2017-05-01,1.09096,1.09254,1.08891,1.09089
2017-04-30,1.09061,1.09254,1.08854,1.09075
2017-04-27,1.08667,1.09481,1.08582,1.08642
2017-04-26,1.09093,1.09308,1.08526,1.09089
2017-04-25,1.09285,1.09507,1.08607,1.09282
2017-04-24,1.08677,1.09409,1.0852,1.08648
2017-04-23,1.08754,1.0878,1.08217,1.08739
2017-04-20,1.07133,1.07376,1.06871,1.07149
2017-04-19,1.07149,1.07782,1.07106,1.0715
2017-04-18,1.07283,1.07365,1.07016,1.07287
2017-04-17,1.06438,1.07086,1.0638,1.06445
2017-04-16,1.06112,1.06699,1.06097,1.06105
2017-04-13,1.0618,1.06315,1.0607,1.06164
2017-04-12,1.06716,1.06781,1.06118,1.06706
2017-04-11,1.06096,1.06238,1.05966,1.06113
2017-04-10,1.05978,1.06295,1.05792,1.05976
2017-04-09,1.05842,1.06078,1.05704,1.0582
2017-04-06,1.06431,1.06604,1.06117,1.06446
2017-04-05,1.06733,1.0684,1.0632,1.06725
2017-04-04,1.06795,1.06891,1.0654,1.06803
2017-04-03,1.06702,1.06746,1.06368,1.06701
2017-04-02,1.06682,1.06838,1.06437,1.06688
2017-03-30,1.06875,1.07009,1.06723,1.06871
2017-03-29,1.076,1.0769,1.07219,1.07596
2017-03-28,1.08175,1.08265,1.07409,1.08177
2017-03-27,1.08627,1.08743,1.08469,1.0861
2017-03-26,1.0846,1.09049,1.0839,1.08495
2017-03-23,1.0784,1.0812,1.07616,1.07839
2017-03-22,1.07897,1.0805,1.07705,1.07902
2017-03-21,1.08113,1.08207,1.07766,1.08125
2017-03-20,1.07368,1.0819,1.07368,1.07377
2017-03-19,1.07423,1.0777,1.07423,1.0743
2017-03-16,1.07705,1.0783,1.07298,1.07747
2017-03-15,1.07379,1.07458,1.07071,1.07379
2017-03-14,1.06124,1.0641,1.06105,1.06124
2017-03-13,1.0652,1.06621,1.06274,1.06514
2017-03-12,1.0688,1.07158,1.06569,1.069
2017-03-09,1.05813,1.06691,1.05813,1.05784
2017-03-08,1.05441,1.0614,1.05256,1.05474
2017-03-07,1.05689,1.05753,1.05373,1.05702
2017-03-06,1.05812,1.0604,1.05608,1.05792
2017-03-05,1.06187,1.06381,1.05782,1.06204
2017-03-02,1.05085,1.05737,1.05035,1.05097
2017-03-01,1.05363,1.05452,1.05004,1.05358
2017-02-28,1.05693,1.05881,1.05153,1.05692
2017-02-27,1.05828,1.0627,1.05766,1.05842
2017-02-26,1.05529,1.06146,1.05529,1.05527
2017-02-23,1.05847,1.06181,1.05662,1.05845
2017-02-22,1.05517,1.0595,1.0539,1.05541
2017-02-21,1.05422,1.05562,1.04968,1.05421
2017-02-20,1.06103,1.06126,1.05266,1.06094
2017-02-19,1.06268,1.06315,1.06052,1.06266
2017-02-16,1.0667,1.06769,1.06259,1.06723
2017-02-15,1.06019,1.06747,1.06005,1.06074
2017-02-14,1.05787,1.05879,1.05221,1.05783
2017-02-13,1.05992,1.06332,1.05618,1.05985
2017-02-12,1.06193,1.0658,1.05934,1.06195
2017-02-09,1.06569,1.06689,1.06099,1.06586
2017-02-08,1.06921,1.07101,1.06574,1.06922
2017-02-07,1.0679,1.07074,1.06421,1.06781
2017-02-06,1.07432,1.07435,1.06568,1.07432
2017-02-05,1.07834,1.07889,1.07066,1.0783
2017-02-02,1.07633,1.07971,1.07289,1.07617
2017-02-01,1.07684,1.08266,1.07684,1.07674
2017-01-31,1.08026,1.08085,1.07394,1.08038
2017-01-30,1.07071,1.08103,1.0686,1.07086
2017-01-29,1.07191,1.07403,1.06209,1.0714
2017-01-26,1.06828,1.07248,1.06605,1.0683
2017-01-25,1.0755,1.07666,1.06706,1.0752
2017-01-24,1.07279,1.07688,1.07121,1.07287
2017-01-23,1.07576,1.07728,1.07278,1.07608
2017-01-22,1.07115,1.07562,1.07084,1.07137
2017-01-19,1.06613,1.06952,1.06268,1.06597
2017-01-18,1.06295,1.06768,1.05897,1.06278
2017-01-17,1.06978,1.07147,1.06596,1.06968
2017-01-16,1.06039,1.0718,1.06014,1.0603
2017-01-15,1.06269,1.06334,1.05813,1.06287
2017-01-12,1.0618,1.06678,1.06,1.06168
2017-01-11,1.05966,1.0686,1.05753,1.05977
2017-01-10,1.05541,1.05675,1.0457,1.05524
2017-01-09,1.05876,1.06259,1.05619,1.05886
2017-01-08,1.05341,1.05608,1.05135,1.05319
2017-01-05,1.06056,1.06089,1.05396,1.06059
2017-01-04,1.04987,1.06089,1.04866,1.05009
2017-01-03,1.04184,1.04789,1.03913,1.04199
2017-01-02,1.04592,1.04921,1.03477,1.046
2017-01-01,1.05307,1.05407,1.04657,1.0527
2016-12-29,1.0569,1.0591,1.051,1.05753
2016-12-28,1.04177,1.0491,1.04177,1.0417
2016-12-27,1.04624,1.04822,1.03875,1.04623
2016-12-26,1.04558,1.04613,1.04354,1.0457
2016-12-25,1.04559,1.04701,1.0446,1.04548
2016-12-22,1.04395,1.04679,1.04297,1.04377
2016-12-21,1.04275,1.04976,1.04275,1.04286
2016-12-20,1.03939,1.04515,1.03853,1.03905
2016-12-19,1.04048,1.04199,1.03552,1.04058
2016-12-18,1.04482,1.0482,1.04134,1.045
2016-12-15,1.04177,1.04723,1.04037,1.04188
2016-12-14,1.05153,1.05252,1.04037,1.05141
2016-12-13,1.06304,1.06667,1.0615,1.06292
2016-12-12,1.06428,1.0653,1.06067,1.06417
2016-12-11,1.05463,1.0627,1.05274,1.05474
2016-12-08,1.06214,1.06315,1.05384,1.06214
2016-12-07,1.07601,1.08566,1.061,1.0762
2016-12-06,1.07193,1.0769,1.07135,1.07204
2016-12-05,1.07585,1.07852,1.0726,1.07573
2016-12-04,1.05708,1.07411,1.05418,1.0582
2016-12-01,1.06632,1.06918,1.0628,1.06631
2016-11-30,1.05921,1.06372,1.05876,1.05921
2016-11-29,1.06485,1.0667,1.0585,1.06485
2016-11-28,1.06202,1.0634,1.05686,1.06214
2016-11-27,1.06112,1.06849,1.05675,1.06123
2016-11-24,1.05641,1.06281,1.05411,1.05619
2016-11-23,1.05463,1.05876,1.05225,1.05452
2016-11-22,1.06341,1.06451,1.05296,1.06338
2016-11-21,1.06387,1.06587,1.05873,1.06389
2016-11-20,1.05854,1.0651,1.05854,1.05842
2016-11-17,1.06247,1.064,1.05731,1.0623
2016-11-16,1.07055,1.07504,1.06669,1.07066
2016-11-15,1.07262,1.07608,1.06712,1.07273
2016-11-14,1.07469,1.08167,1.07237,1.07504
2016-11-13,1.0826,1.08743,1.07108,1.08248
2016-11-10,1.08897,1.09254,1.0857,1.08897
2016-11-09,1.09204,1.09553,1.08661,1.09206
2016-11-08,1.10205,1.1302,1.0934,1.1019
2016-11-07,1.10505,1.10681,1.10306,1.10522
2016-11-06,1.10963,1.11123,1.10339,1.11012
2016-11-03,1.11025,1.1126,1.1084,1.11025
2016-11-02,1.10976,1.11284,1.10608,1.10976
2016-11-01,1.10595,1.11198,1.10516,1.1057
2016-10-31,1.09733,1.10509,1.09618,1.09733
2016-10-30,1.09842,1.09842,1.09392,1.09847
2016-10-27,1.09,1.09529,1.08975,1.09004
2016-10-26,1.09111,1.09421,1.0894,1.0912
2016-10-25,1.08872,1.09481,1.08767,1.08873
2016-10-24,1.08755,1.09,1.08534,1.08755
2016-10-23,1.08849,1.0902,1.08605,1.08826
2016-10-20,1.09303,1.09313,1.08625,1.09304
2016-10-19,1.09757,1.1029,1.0916,1.09751
2016-10-18,1.09757,1.10047,1.0956,1.0977
2016-10-17,1.1012,1.1029,1.0972,1.10156
2016-10-16,1.09685,1.1012,1.09653,1.09678
2016-10-13,1.10497,1.10583,1.09854,1.10497
2016-10-12,1.10132,1.10485,1.0986,1.10119
2016-10-11,1.1062,1.1062,1.1006,1.1062
2016-10-10,1.11433,1.11433,1.1056,1.11408
2016-10-09,1.11955,1.1202,1.11508,1.1197
2016-10-06,1.11458,1.1202,1.1106,1.11445
2016-10-05,1.12082,1.1212,1.11495,1.12082
2016-10-04,1.12108,1.124,1.1192,1.12108
2016-10-03,1.12133,1.125,1.114,1.12104
2016-10-02,1.12359,1.12435,1.1206,1.12347
2016-09-29,1.12221,1.125,1.1154,1.12196
2016-09-28,1.12246,1.125,1.11995,1.1225
2016-09-27,1.12183,1.12372,1.1184,1.12196
2016-09-26,1.12508,1.126,1.1194,1.12499
2016-09-25,1.12397,1.1279,1.1222,1.12392
2016-09-22,1.12095,1.123,1.1196,1.12101
2016-09-21,1.11932,1.12587,1.11821,1.11932
2016-09-20,1.11557,1.11694,1.1126,1.1154
2016-09-19,1.11794,1.12133,1.1166,1.11807
2016-09-18,1.11607,1.121,1.1154,1.11585
2016-09-15,1.1248,1.12499,1.1156,1.12459
2016-09-14,1.12454,1.12816,1.1221,1.12473
2016-09-13,1.12196,1.12752,1.12145,1.12187
2016-09-12,1.12413,1.126,1.122,1.12435
2016-09-11,1.1241,1.12625,1.12147,1.12411
2016-09-08,1.12689,1.12867,1.1206,1.12714
2016-09-07,1.1241,1.133,1.12385,1.1241
2016-09-06,1.12486,1.12651,1.12328,1.12537
2016-09-05,1.1152,1.1254,1.11445,1.11532
2016-09-04,1.11607,1.11844,1.11413,1.1162
2016-09-01,1.12007,1.12511,1.1154,1.12007
2016-08-31,1.11582,1.12,1.113,1.11607
2016-08-30,1.11508,1.11644,1.1126,1.11532
2016-08-29,1.11919,1.11919,1.114,1.11928
2016-08-28,1.1197,1.121,1.11607,1.11995
2016-08-25,1.12892,1.13404,1.12347,1.12905
2016-08-24,1.12625,1.13,1.12606,1.12638
2016-08-23,1.13033,1.13135,1.1246,1.13008
2016-08-22,1.13186,1.13572,1.131,1.13193
2016-08-21,1.13007,1.13327,1.1274,1.12982
2016-08-18,1.13495,1.1352,1.1306,1.13495
2016-08-17,1.1302,1.13404,1.12961,1.12989
2016-08-16,1.1279,1.12943,1.1256,1.1276
2016-08-15,1.11844,1.13237,1.11794,1.11841
2016-08-14,1.11669,1.12057,1.11555,1.11669
2016-08-11,1.1139,1.122,1.11326,1.11391
2016-08-10,1.11861,1.11909,1.1138,1.11864
2016-08-09,1.11181,1.12,1.11181,1.11158
2016-08-08,1.10868,1.1122,1.1072,1.10837
2016-08-07,1.10877,1.1106,1.10737,1.10895
2016-08-04,1.11345,1.11615,1.10491,1.11347
2016-08-03,1.11524,1.11556,1.11178,1.11515
2016-08-02,1.12186,1.122,1.1164,1.12191
2016-08-01,1.11671,1.1232,1.11636,1.11681
2016-07-31,1.11678,1.1184,1.1156,1.11681
2016-07-28,1.10837,1.1196,1.1074,1.10844
2016-07-27,1.10682,1.112,1.10608,1.10735
2016-07-26,1.0988,1.101,1.09829,1.09878
2016-07-25,1.09899,1.1024,1.098,1.09912
2016-07-24,1.09692,1.0998,1.09536,1.09705
2016-07-21,1.10331,1.104,1.0968,1.10329
2016-07-20,1.10173,1.1058,1.0986,1.10195
2016-07-19,1.10146,1.103,1.0984,1.10136
2016-07-18,1.10714,1.10807,1.1002,1.10719
2016-07-17,1.10553,1.109,1.10383,1.10531
2016-07-14,1.11064,1.1157,1.10588,1.11061
2016-07-13,1.1096,1.117,1.1092,1.1095
2016-07-12,1.10607,1.112,1.1044,1.10629
2016-07-11,1.1058,1.1124,1.1054,1.1058
2016-07-10,1.1047,1.1072,1.102,1.1044
2016-07-07,1.1065,1.1108,1.101,1.10657
2016-07-06,1.11,1.1108,1.1058,1.1099
2016-07-05,1.10644,1.109,1.1034,1.1065
2016-07-04,1.11455,1.118,1.1076,1.1146
2016-07-03,1.1131,1.115,1.11,1.1131
2016-06-30,1.11037,1.117,1.1074,1.11061
2016-06-29,1.1126,1.1154,1.1054,1.11281
2016-06-28,1.1078,1.11281,1.10516,1.10739
2016-06-27,1.1016,1.111,1.1016,1.1015
2016-06-26,1.1035,1.10819,1.0974,1.10359
2016-06-23,1.133,1.13352,1.09191,1.1324
2016-06-22,1.1328,1.1422,1.132,1.13282
2016-06-21,1.1252,1.1335,1.12376,1.12506
2016-06-20,1.13228,1.135,1.1244,1.1323
2016-06-19,1.13491,1.1384,1.1308,1.13491
2016-06-16,1.127,1.1296,1.1226,1.1252
2016-06-15,1.12613,1.13,1.1132,1.12627
2016-06-14,1.1213,1.126,1.11909,1.1213
2016-06-13,1.1288,1.13,1.119,1.1291
2016-06-12,1.1241,1.1302,1.1237,1.124
2016-06-09,1.1312,1.1324,1.1274,1.1315
2016-06-08,1.1406,1.1417,1.1308,1.14071
2016-06-07,1.13565,1.142,1.13565,1.13578
2016-06-06,1.13647,1.138,1.134,1.1364
2016-06-05,1.1351,1.138,1.13332,1.1351
2016-06-02,1.1154,1.135,1.1138,1.1152
2016-06-01,1.11929,1.122,1.115,1.11891
2016-05-31,1.1136,1.119,1.1117,1.1136
2016-05-30,1.115,1.1176,1.1122,1.11484
2016-05-29,1.1111,1.115,1.11,1.111
2016-05-26,1.11929,1.1202,1.1126,1.11921
2016-05-25,1.1157,1.122,1.1157,1.1159
2016-05-24,1.1137,1.1171,1.113,1.1138
2016-05-23,1.1217,1.123,1.1146,1.1216
2016-05-22,1.1221,1.1243,1.119,1.12217
2016-05-19,1.12016,1.124,1.1199,1.1206
2016-05-18,1.1222,1.1231,1.1182,1.1223
2016-05-17,1.13138,1.13169,1.126,1.13161
2016-05-16,1.13161,1.1348,1.1304,1.13161
2016-05-15,1.13169,1.1344,1.13054,1.13169
2016-05-12,1.13753,1.13801,1.1284,1.13769
2016-05-11,1.1426,1.14311,1.138,1.1427
2016-05-10,1.1375,1.1446,1.1374,1.13744
2016-05-09,1.13837,1.1406,1.1362,1.1388
2016-05-08,1.1388,1.143,1.1376,1.1388
2016-05-05,1.1402,1.14718,1.13933,1.1406
2016-05-04,1.14912,1.1496,1.139,1.14931
2016-05-03,1.15024,1.1528,1.147,1.1504
2016-05-02,1.15261,1.1614,1.1504,1.1525
2016-05-01,1.1462,1.1528,1.14502,1.1463
2016-04-28,1.1358,1.146,1.1358,1.13559
2016-04-27,1.1328,1.1366,1.1299,1.1329
2016-04-26,1.1298,1.134,1.1292,1.1299
2016-04-25,1.12667,1.1339,1.1258,1.1269
2016-04-24,1.1233,1.1279,1.1227,1.12341
2016-04-21,1.12931,1.1309,1.124,1.1292
2016-04-20,1.13051,1.1394,1.1278,1.13051
2016-04-19,1.13589,1.1386,1.1322,1.13596
2016-04-18,1.131,1.1386,1.13051,1.1309
2016-04-17,1.1301,1.1332,1.1275,1.13
2016-04-14,1.12651,1.1318,1.12476,1.127
2016-04-13,1.12801,1.1294,1.1236,1.1279
2016-04-12,1.1386,1.1393,1.1274,1.1385
2016-04-11,1.14121,1.1464,1.13531,1.14129
2016-04-10,1.14071,1.145,1.13744,1.1403
2016-04-07,1.13691,1.142,1.135,1.1374
2016-04-06,1.13996,1.14531,1.134,1.1405
2016-04-05,1.1381,1.1428,1.13314,1.1382
2016-04-04,1.13871,1.14071,1.134,1.1389
2016-04-03,1.1397,1.1412,1.136,1.139
2016-03-31,1.1379,1.1438,1.1342,1.13797
2016-03-30,1.1334,1.141,1.1312,1.13347
2016-03-29,1.12901,1.1362,1.1288,1.1292
2016-03-28,1.1201,1.1224,1.117,1.12027
2016-03-27,1.116,1.12181,1.11554,1.116
2016-03-24,1.11669,1.11771,1.11567,1.11679
2016-03-23,1.11821,1.119,1.11496,1.1181
2016-03-22,1.1223,1.1223,1.1166,1.1223
2016-03-21,1.1237,1.1262,1.11919,1.12359
2016-03-20,1.1276,1.129,1.1238,1.1279
2016-03-17,1.13154,1.1339,1.1258,1.1318
2016-03-16,1.1217,1.1344,1.1208,1.12189
2016-03-15,1.111,1.1111,1.1058,1.1109
2016-03-14,1.1102,1.113,1.1074,1.1102
2016-03-13,1.1163,1.1168,1.1096,1.11679
2016-03-10,1.1179,1.121,1.10838,1.11784
2016-03-09,1.0987,1.116,1.08277,1.0989
2016-03-08,1.1002,1.10152,1.0948,1.1004
2016-03-07,1.10139,1.106,1.1006,1.1016
2016-03-06,1.0994,1.0999,1.0942,1.0994
2016-03-03,1.0948,1.104,1.0908,1.09489
2016-03-02,1.087,1.0938,1.0856,1.0869
2016-03-01,1.0877,1.088,1.0826,1.0876
2016-02-29,1.0887,1.0894,1.0838,1.0889
2016-02-28,1.0926,1.0962,1.0864,1.0924
2016-02-25,1.1025,1.107,1.0926,1.1025
2016-02-24,1.10149,1.105,1.0992,1.10139
2016-02-23,1.1025,1.104,1.096,1.10271
2016-02-22,1.10271,1.1052,1.0992,1.1028
2016-02-21,1.1124,1.1125,1.1006,1.1124
2016-02-18,1.111,1.115,1.1068,1.1111
2016-02-17,1.1122,1.1152,1.1074,1.1123
2016-02-16,1.1146,1.118,1.1108,1.1147
2016-02-15,1.11782,1.1192,1.113,1.11741
2016-02-14,1.1226,1.12395,1.113,1.1226
2016-02-11,1.13173,1.13338,1.123,1.1318
2016-02-10,1.1284,1.1368,1.1276,1.1281
2016-02-09,1.129,1.1309,1.11663,1.129
2016-02-08,1.11909,1.1314,1.1164,1.11898
2016-02-07,1.1147,1.119,1.1088,1.1145
2016-02-04,1.12,1.1217,1.111,1.12
2016-02-03,1.1092,1.1238,1.1072,1.1091
2016-02-02,1.0922,1.1078,1.0906,1.0922
2016-02-01,1.0899,1.094,1.08953,1.08973
2016-01-31,1.08263,1.0912,1.08263,1.08259
2016-01-28,1.0937,1.09472,1.082,1.0937
2016-01-27,1.09041,1.095,1.087,1.0908
2016-01-26,1.0864,1.0912,1.0853,1.0865
2016-01-25,1.08538,1.088,1.082,1.0853
2016-01-24,1.0799,1.085,1.0792,1.0799
2016-01-21,1.0861,1.0864,1.0796,1.0862
2016-01-20,1.0877,1.0922,1.0782,1.0877
2016-01-19,1.09116,1.0976,1.08929,1.0913
2016-01-18,1.0895,1.091,1.0862,1.0895
2016-01-17,1.09191,1.09271,1.0876,1.092
2016-01-14,1.08578,1.0982,1.08578,1.08589
2016-01-13,1.0888,1.095,1.084,1.0886
2016-01-12,1.0844,1.0884,1.0806,1.0844
2016-01-11,1.08589,1.0902,1.0824,1.0858
2016-01-10,1.0939,1.09459,1.0852,1.0941
2016-01-07,1.09271,1.0929,1.0808,1.0926
2016-01-06,1.0778,1.0876,1.0774,1.0779
2016-01-05,1.0752,1.0772,1.0722,1.0752
2016-01-04,1.0826,1.08411,1.0712,1.08275
2016-01-03,1.0855,1.0946,1.0806,1.0854
2015-12-31,1.08591,1.0867,1.08591,1.08591
2015-12-30,1.0938,1.0939,1.0866,1.0934
2015-12-29,1.0928,1.095,1.091,1.0928
2015-12-28,1.0977,1.1,1.091,1.09753
2015-12-27,1.0966,1.1,1.0958,1.0966
2015-12-24,1.09651,1.0975,1.0947,1.097
2015-12-23,1.091,1.0967,1.091,1.09092
2015-12-22,1.095,1.09549,1.08849,1.095
2015-12-21,1.0912,1.0984,1.0905,1.0913
2015-12-20,1.08702,1.092,1.0852,1.08699
2015-12-17,1.0844,1.087,1.0806,1.08441
2015-12-16,1.08741,1.0889,1.08335,1.08745
2015-12-15,1.0936,1.0958,1.09132,1.09363
2015-12-14,1.09923,1.107,1.0922,1.0993
2015-12-13,1.099,1.104,1.0947,1.09839
2015-12-10,1.0948,1.103,1.0928,1.09481
2015-12-09,1.1017,1.10231,1.0928,1.1018
2015-12-08,1.0895,1.099,1.0882,1.0894
2015-12-07,1.0836,1.09,1.08314,1.0834
2015-12-06,1.08831,1.08831,1.0798,1.0884
2015-12-03,1.09183,1.09519,1.0858,1.0916
2015-12-02,1.0612,1.0892,1.0542,1.0613
2015-12-01,1.0627,1.064,1.0562,1.06259
2015-11-30,1.0573,1.064,1.0566,1.0573
2015-11-29,1.0583,1.0597,1.0564,1.0583
2015-11-26,1.06045,1.0638,1.057,1.06045
2015-11-25,1.0625,1.063,1.0602,1.0625
2015-11-24,1.0644,1.069,1.0576,1.06438
2015-11-23,1.0639,1.0672,1.06238,1.0642
2015-11-22,1.064,1.0654,1.0603,1.0641
2015-11-19,1.0727,1.073,1.0664,1.07262
2015-11-18,1.0673,1.0734,1.067,1.067
2015-11-17,1.0644,1.0692,1.06323,1.06438
2015-11-16,1.0689,1.0692,1.0644,1.0688
2015-11-15,1.0701,1.076,1.0701,1.07
2015-11-12,1.08089,1.0811,1.0722,1.0815
2015-11-11,1.0765,1.08,1.0694,1.0763
2015-11-10,1.0738,1.0773,1.0708,1.07376
2015-11-09,1.07597,1.07628,1.0676,1.07595
2015-11-08,1.07324,1.079,1.073,1.07334
2015-11-05,1.08849,1.0895,1.07117,1.0884
2015-11-04,1.0866,1.09,1.0837,1.0868
2015-11-03,1.0965,1.0967,1.0848,1.0964
2015-11-02,1.1017,1.1032,1.0938,1.1016
2015-11-01,1.1025,1.106,1.1004,1.1026
2015-10-29,1.0992,1.1072,1.097,1.09938
2015-10-28,1.0926,1.0982,1.091,1.0929
2015-10-27,1.10359,1.11,1.10271,1.1037
2015-10-26,1.1061,1.1078,1.1032,1.1066
2015-10-25,1.10204,1.106,1.1006,1.10204
2015-10-22,1.1084,1.11409,1.1011,1.1081
2015-10-21,1.1347,1.1352,1.1138,1.1348
2015-10-20,1.1356,1.1378,1.1338,1.1354
2015-10-19,1.1332,1.139,1.13258,1.1329
2015-10-18,1.136,1.138,1.13085,1.1361
2015-10-15,1.1367,1.14,1.13394,1.13682
2015-10-14,1.1475,1.14942,1.13653,1.14755
2015-10-13,1.13851,1.145,1.13851,1.1385
2015-10-12,1.1354,1.141,1.1347,1.13555
2015-10-11,1.13691,1.14,1.13584,1.137
2015-10-08,1.12861,1.13787,1.127,1.12869
2015-10-07,1.1242,1.13131,1.12397,1.124
2015-10-06,1.12729,1.12843,1.12142,1.1268
2015-10-05,1.1198,1.128,1.11761,1.11952
2015-10-04,1.12215,1.1288,1.1197,1.1227
2015-10-01,1.11949,1.13153,1.11518,1.11934
2015-09-30,1.11716,1.121,1.1139,1.11721
2015-09-29,1.1254,1.1262,1.1158,1.12559
2015-09-28,1.12336,1.12803,1.11948,1.1231
2015-09-27,1.12005,1.12414,1.11521,1.12017
2015-09-24,1.11812,1.12044,1.11183,1.11789
2015-09-23,1.11881,1.12961,1.11667,1.11899
2015-09-22,1.1122,1.11906,1.11068,1.11207
2015-09-21,1.11909,1.121,1.11308,1.11909
2015-09-20,1.12931,1.133,1.11839,1.1292
2015-09-17,1.1406,1.146,1.13517,1.1401
2015-09-16,1.12939,1.134,1.1288,1.1292
2015-09-15,1.12729,1.13116,1.1215,1.12718
2015-09-14,1.13109,1.133,1.12598,1.13076
2015-09-13,1.1344,1.13721,1.12877,1.1344
2015-09-10,1.12829,1.13422,1.12558,1.12909
2015-09-09,1.12194,1.128,1.11749,1.12207
2015-09-08,1.1208,1.121,1.11332,1.12074
2015-09-07,1.1159,1.123,1.11537,1.1164
2015-09-06,1.1159,1.118,1.11242,1.1152
2015-09-03,1.1126,1.116,1.10946,1.1126
2015-09-02,1.1215,1.125,1.10897,1.1216
2015-09-01,1.12962,1.13,1.12229,1.12934
2015-08-31,1.1226,1.13323,1.12254,1.12259
2015-08-30,1.12118,1.1264,1.11859,1.1214
2015-08-27,1.12451,1.131,1.11567,1.1248
2015-08-26,1.13395,1.13616,1.12116,1.134
2015-08-25,1.15548,1.1559,1.1355,1.15509
2015-08-24,1.15824,1.159,1.14003,1.15831
2015-08-23,1.1378,1.1706,1.13729,1.13769
2015-08-20,1.12359,1.13691,1.1232,1.1237
2015-08-19,1.112,1.122,1.11084,1.1118
2015-08-18,1.10309,1.108,1.10204,1.10308
2015-08-17,1.10771,1.11,1.10219,1.1078
2015-08-16,1.1095,1.1126,1.10625,1.1093
2015-08-13,1.1159,1.119,1.11011,1.1161
2015-08-12,1.11559,1.11891,1.10818,1.1161
2015-08-11,1.10437,1.12103,1.1033,1.1042
2015-08-10,1.1018,1.10859,1.09615,1.1017
2015-08-09,1.0959,1.1,1.09271,1.0965
2015-08-06,1.0922,1.09686,1.08591,1.09271
2015-08-05,1.09041,1.09346,1.08775,1.09031
2015-08-04,1.0886,1.09188,1.08503,1.0889
2015-08-03,1.0954,1.0996,1.09335,1.0956
2015-08-02,1.0969,1.09954,1.0944,1.0969
2015-07-30,1.09418,1.11103,1.09239,1.09392
2015-07-29,1.09839,1.099,1.09113,1.09841
2015-07-28,1.10655,1.1086,1.10142,1.1066
2015-07-27,1.1091,1.1101,1.1023,1.109
2015-07-26,1.09741,1.113,1.09741,1.09724
2015-07-23,1.09884,1.0996,1.09279,1.0989
2015-07-22,1.09271,1.102,1.0924,1.09271
2015-07-21,1.0939,1.097,1.08814,1.094
2015-07-20,1.08348,1.09407,1.08127,1.08354
2015-07-19,1.08329,1.0872,1.08216,1.08302
2015-07-16,1.0886,1.091,1.08439,1.0886
2015-07-15,1.09389,1.095,1.08594,1.09435
2015-07-14,1.1009,1.104,1.09361,1.1008
2015-07-13,1.09851,1.1074,1.09685,1.09905
2015-07-12,1.1129,1.11976,1.10077,1.1129
2015-07-09,1.10631,1.122,1.10562,1.10631
2015-07-08,1.10724,1.11162,1.10229,1.1071
2015-07-07,1.10099,1.10901,1.0975,1.10099
2015-07-06,1.1048,1.10526,1.09168,1.1049
2015-07-05,1.0998,1.10914,1.0998,1.0995
2015-07-02,1.1086,1.112,1.10827,1.1087
2015-07-01,1.1037,1.11216,1.1037,1.10336
2015-06-30,1.1135,1.11676,1.10612,1.1135
2015-06-29,1.1216,1.12388,1.1123,1.1223
2015-06-28,1.0983,1.11974,1.0983,1.0975
2015-06-25,1.12038,1.122,1.11363,1.1203
2015-06-24,1.12071,1.12241,1.11567,1.1207
2015-06-23,1.11771,1.124,1.11628,1.11722
2015-06-22,1.13462,1.13462,1.11377,1.13491
2015-06-21,1.13624,1.141,1.1316,1.13729
2015-06-18,1.13729,1.1388,1.1296,1.13707
2015-06-17,1.13641,1.14284,1.1341,1.137
2015-06-16,1.12424,1.12911,1.12295,1.1242
2015-06-15,1.1277,1.13301,1.12116,1.1277
2015-06-14,1.12179,1.12581,1.11915,1.12199
2015-06-11,1.12451,1.12933,1.11525,1.12406
2015-06-10,1.1313,1.13205,1.11888,1.1312
2015-06-09,1.12933,1.1382,1.12666,1.1299
2015-06-08,1.1282,1.13397,1.12167,1.1281
2015-06-07,1.11054,1.12428,1.10881,1.11082
2015-06-04,1.1216,1.12802,1.10518,1.12079
2015-06-03,1.12623,1.1376,1.12326,1.12578
2015-06-02,1.11483,1.12833,1.10868,1.115
2015-06-01,1.09228,1.11663,1.09194,1.0923
2015-05-31,1.0959,1.098,1.08889,1.09579
2015-05-28,1.09579,1.10035,1.09291,1.09604
2015-05-27,1.0898,1.095,1.08688,1.09
2015-05-26,1.08875,1.093,1.0822,1.08889
2015-05-25,1.09713,1.09713,1.08752,1.09712
2015-05-24,1.09922,1.101,1.09607,1.0993
2015-05-21,1.1111,1.121,1.1007,1.11119
2015-05-20,1.11031,1.118,1.10859,1.11007
2015-05-19,1.11468,1.11508,1.10657,1.11467
2015-05-18,1.13254,1.13262,1.1121,1.13262
2015-05-17,1.1444,1.1447,1.13388,1.14451
2015-05-14,1.14039,1.1451,1.13247,1.1405
2015-05-13,1.1348,1.14438,1.13422,1.13505
2015-05-12,1.12189,1.13828,1.12055,1.12215
2015-05-11,1.1146,1.12779,1.1136,1.11444
2015-05-10,1.1197,1.1203,1.11346,1.11941
2015-05-07,1.12451,1.1289,1.11852,1.1247
2015-05-06,1.13393,1.13906,1.12382,1.13415
2015-05-05,1.11844,1.13653,1.1178,1.11863
2015-05-04,1.115,1.121,1.1069,1.11491
2015-05-03,1.11909,1.12231,1.1124,1.11859
2015-04-30,1.1215,1.12897,1.1186,1.12147
2015-04-29,1.11132,1.12476,1.1073,1.11143
2015-04-28,1.09721,1.1176,1.09606,1.09691
2015-04-27,1.0877,1.0989,1.08618,1.0878
2015-04-26,1.08674,1.09049,1.08239,1.0869
2015-04-23,1.08151,1.0898,1.07877,1.0815
2015-04-22,1.0725,1.08182,1.06713,1.07258
2015-04-21,1.07383,1.08,1.07101,1.07417
2015-04-20,1.07482,1.0765,1.06616,1.07475
2015-04-19,1.08102,1.08187,1.07162,1.08102
2015-04-16,1.076,1.08469,1.07351,1.07556
2015-04-15,1.06771,1.07624,1.0628,1.06768
2015-04-14,1.06479,1.06687,1.05746,1.06471
2015-04-13,1.0575,1.07069,1.05325,1.0573
2015-04-12,1.06083,1.062,1.05216,1.06099
2015-04-09,1.06672,1.06835,1.05715,1.06691
2015-04-08,1.07844,1.079,1.067,1.07853
2015-04-07,1.0825,1.089,1.07895,1.08241
2015-04-06,1.09348,1.09555,1.08377,1.09348
2015-04-05,1.10015,1.10359,1.09685,1.10013
2015-04-02,1.0871,1.1022,1.08659,1.08708
2015-04-01,1.07698,1.08969,1.07527,1.07699
2015-03-31,1.0741,1.08003,1.07213,1.07381
2015-03-30,1.08291,1.08435,1.07177,1.08302
2015-03-29,1.0882,1.08849,1.08111,1.08849
2015-03-26,1.08855,1.08954,1.08053,1.08864
2015-03-25,1.09665,1.10452,1.09126,1.09605
2015-03-24,1.09106,1.1013,1.091,1.0902
2015-03-23,1.0948,1.103,1.08933,1.0945
2015-03-22,1.0826,1.09437,1.07695,1.08266
2015-03-19,1.06727,1.08149,1.06572,1.06689
2015-03-18,1.0844,1.0914,1.06214,1.085
2015-03-17,1.05959,1.0646,1.05805,1.05981
2015-03-16,1.05728,1.0649,1.0553,1.0573
2015-03-15,1.04845,1.0614,1.04845,1.04816
2015-03-12,1.0626,1.063,1.04863,1.06263
2015-03-11,1.05494,1.06815,1.05015,1.05488
2015-03-10,1.07094,1.07146,1.05614,1.07087
2015-03-09,1.08358,1.0837,1.07059,1.08334
2015-03-08,1.08456,1.091,1.08378,1.0846
2015-03-05,1.1034,1.1034,1.08522,1.1032
2015-03-04,1.108,1.11089,1.10105,1.10821
2015-03-03,1.11841,1.11881,1.10628,1.11822
2015-03-02,1.11767,1.1214,1.1156,1.1179
2015-03-01,1.11709,1.12404,1.1164,1.1162
2015-02-26,1.12036,1.125,1.11768,1.12054
2015-02-25,1.13627,1.13788,1.12027,1.13636
2015-02-24,1.13407,1.1388,1.13378,1.1339
2015-02-23,1.13341,1.13474,1.12907,1.1333
2015-02-22,1.13794,1.1393,1.12966,1.13815
2015-02-19,1.13667,1.1376,1.12821,1.13667
2015-02-18,1.14008,1.145,1.13562,1.14
2015-02-17,1.1405,1.1415,1.13478,1.14047
2015-02-16,1.13336,1.14423,1.13252,1.1334
2015-02-15,1.1397,1.1435,1.1397,1.14
2015-02-12,1.14048,1.145,1.1382,1.14039
2015-02-11,1.13082,1.13982,1.13062,1.1312
2015-02-10,1.13195,1.1332,1.12886,1.1322
2015-02-09,1.13261,1.135,1.12756,1.1327
2015-02-08,1.13148,1.136,1.12717,1.13144
2015-02-05,1.14709,1.1476,1.132,1.1472
2015-02-04,1.13172,1.146,1.13169,1.13187
2015-02-03,1.14569,1.14842,1.14042,1.14574
2015-02-02,1.1337,1.145,1.13179,1.13417
2015-02-01,1.13047,1.136,1.12929,1.1309
2015-01-29,1.13373,1.1364,1.1286,1.13356
2015-01-28,1.12848,1.1368,1.12641,1.12815
2015-01-27,1.1367,1.1382,1.13078,1.13674
2015-01-26,1.1251,1.142,1.1226,1.12477
2015-01-25,1.11408,1.1284,1.11408,1.11254
2015-01-22,1.13465,1.1374,1.11218,1.13468
2015-01-21,1.1617,1.16429,1.1414,1.16153
2015-01-20,1.15467,1.1664,1.15437,1.15469
2015-01-19,1.1597,1.1616,1.15692,1.1598
2015-01-18,1.15638,1.16387,1.1554,1.1566
2015-01-15,1.1639,1.165,1.14643,1.16374
2015-01-14,1.17838,1.17886,1.15923,1.17859
2015-01-13,1.17768,1.18436,1.17306,1.17783
2015-01-12,1.18324,1.1859,1.17565,1.18315
2015-01-11,1.18701,1.1872,1.1788,1.18707
2015-01-08,1.17943,1.18383,1.17683,1.17961
2015-01-07,1.18389,1.18481,1.1756,1.1836
2015-01-06,1.18748,1.19,1.1804,1.18754
2015-01-05,1.19383,1.197,1.18869,1.1939
2015-01-04,1.1955,1.19759,1.18891,1.19464
2015-01-01,1.20887,1.20896,1.20108,1.20894
2014-12-31,1.20986,1.20986,1.20986,1.20986
2014-12-30,1.2162,1.21697,1.21054,1.2162
2014-12-29,1.21549,1.219,1.21249,1.21535
2014-12-28,1.21696,1.222,1.21696,1.21694
2014-12-25,1.22111,1.2223,1.217,1.221
2014-12-24,1.21985,1.22559,1.21915,1.21985
2014-12-23,1.2176,1.2221,1.21709,1.21749
2014-12-22,1.22246,1.225,1.21657,1.22237
2014-12-21,1.22249,1.228,1.22236,1.2226
2014-12-18,1.2291,1.231,1.22549,1.22904
